ID,oil,gas
2308,1,2
22404,1,2
23397,1,2
25058,1,2
2664,1,2
8511,1,2
5148,1,2
7790,1,2
11311,1,2
19043,1,2
10784,1,2
22246,1,2
3268,1,2
15947,1,2
14977,1,2
14474,1,2
28694,1,2
14054,1,2
26545,1,2
14980,1,2
17636,1,2
3931,1,2
8387,1,2
8028,1,2
9482,1,2
22572,1,2
15107,1,2
3673,1,2
21388,1,2
5937,1,2
27033,1,2
29271,1,2
21880,1,2
6508,1,2
21457,1,2
20071,1,2
27012,1,2
10092,1,2
22567,1,2
12976,1,2
3813,1,2
7337,1,2
24483,1,2
19592,1,2
5121,1,2
14905,1,2
8223,1,2
2868,1,2
2342,1,2
8832,1,2
7932,1,2
16557,1,2
20604,1,2
12983,1,2
3014,1,2
27331,1,2
12124,1,2
3752,1,2
27387,1,2
12335,1,2
11544,1,2
11356,1,2
2676,1,2
28738,1,2
29995,1,2
20747,1,2
13375,1,2
17986,1,2
7885,1,2
13332,1,2
9585,1,2
6332,1,2
24429,1,2
18079,1,2
5201,1,2
747,1,2
9760,1,2
29612,1,2
19992,1,2
23189,1,2
25535,1,2
17963,1,2
25246,1,2
5081,1,2
9350,1,2
10982,1,2
23621,1,2
13235,1,2
19367,1,2
1190,1,2
821,1,2
15878,1,2
20497,1,2
9419,1,2
28100,1,2
8892,1,2
4461,1,2
25229,1,2
29985,1,2
12606,1,2
25978,1,2
19132,1,2
14740,1,2
12146,1,2
2744,1,2
10114,1,2
2383,1,2
9153,1,2
1406,1,2
16560,1,2
19361,1,2
10342,1,2
27756,1,2
17614,1,2
19906,1,2
24530,1,2
27308,1,2
17788,1,2
13075,1,2
22089,1,2
28573,1,2
20568,1,2
17890,1,2
16837,1,2
6552,1,2
19637,1,2
18294,1,2
2876,1,2
2982,1,2
17410,1,2
15162,1,2
2153,1,2
18700,1,2
7667,1,2
15243,1,2
16857,1,2
13961,1,2
217,1,2
23287,1,2
2213,1,2
6580,1,2
27602,1,2
19376,1,2
7539,1,2
14976,1,2
10128,1,2
5705,1,2
5953,1,2
538,1,2
21663,1,2
21567,1,2
28982,1,2
7427,1,2
20725,1,2
4181,1,2
18701,1,2
15414,1,2
12154,1,2
579,1,2
2168,1,2
24419,1,2
250,1,2
15692,1,2
9971,1,2
16180,1,2
11489,1,2
9144,1,2
29432,1,2
25790,1,2
5771,1,2
26746,1,2
2325,1,2
15430,1,2
430,1,2
10768,1,2
2532,1,2
2457,1,2
19186,1,2
27235,1,2
22291,1,2
11212,1,2
505,1,2
23112,1,2
18779,1,2
19082,1,2
17894,1,2
19006,1,2
19690,1,2
27093,1,2
23179,1,2
12626,1,2
3834,1,2
1330,1,2
21466,1,2
23828,1,2
2541,1,2
28612,1,2
21995,1,2
11899,1,2
25872,1,2
26225,1,2
15805,1,2
9555,1,2
7567,1,2
3507,1,2
8834,1,2
18784,1,2
29857,1,2
23587,1,2
28267,1,2
5844,1,2
26476,1,2
24198,1,2
28881,1,2
4845,1,2
4985,1,2
23399,1,2
25569,1,2
20262,1,2
20856,1,2
26822,1,2
9317,1,2
25506,1,2
14847,1,2
7842,1,2
28647,1,2
29984,1,2
13048,1,2
25099,1,2
14856,1,2
25013,1,2
10739,1,2
16094,1,2
2208,1,2
18840,1,2
28272,1,2
22372,1,2
2266,1,2
5226,1,2
28301,1,2
21578,1,2
20122,1,2
17892,1,2
20927,1,2
13022,1,2
20736,1,2
27366,1,2
11740,1,2
6547,1,2
3282,1,2
15614,1,2
23661,1,2
2276,1,2
26050,1,2
12354,1,2
16485,1,2
19535,1,2
18673,1,2
8696,1,2
22564,1,2
16379,1,2
25294,1,2
28680,1,2
24991,1,2
29669,1,2
5836,1,2
10235,1,2
22824,1,2
279,1,2
22376,1,2
25273,1,2
5160,1,2
29752,1,2
3690,1,2
5915,1,2
11578,1,2
18078,1,2
19536,1,2
26023,1,2
29719,1,2
21739,1,2
25743,1,2
20552,1,2
11702,1,2
11514,1,2
9006,1,2
11742,1,2
28261,1,2
16469,1,2
13676,1,2
20163,1,2
16785,1,2
29322,1,2
15693,1,2
17335,1,2
3735,1,2
25484,1,2
3643,1,2
7198,1,2
25365,1,2
24936,1,2
21305,1,2
29365,1,2
21523,1,2
21718,1,2
1837,1,2
29915,1,2
10984,1,2
9303,1,2
12799,1,2
1457,1,2
1092,1,2
4149,1,2
11008,1,2
27068,1,2
9189,1,2
4932,1,2
14465,1,2
4556,1,2
11488,1,2
12074,1,2
25101,1,2
16797,1,2
20070,1,2
14418,1,2
28245,1,2
25389,1,2
24996,1,2
17278,1,2
6481,1,2
8020,1,2
9100,1,2
17476,1,2
8589,1,2
29161,1,2
24515,1,2
27274,1,2
23872,1,2
29363,1,2
1503,1,2
9936,1,2
10939,1,2
20294,1,2
3949,1,2
6438,1,2
13619,1,2
14303,1,2
22093,1,2
15948,1,2
28189,1,2
13064,1,2
13250,1,2
29166,1,2
7743,1,2
26226,1,2
7755,1,2
1412,1,2
6528,1,2
1122,1,2
16333,1,2
5245,1,2
12152,1,2
19640,1,2
25207,1,2
9433,1,2
7468,1,2
29011,1,2
11031,1,2
29442,1,2
7293,1,2
12971,1,2
5346,1,2
14470,1,2
28811,1,2
15962,1,2
24274,1,2
21149,1,2
10863,1,2
17754,1,2
4484,1,2
10560,1,2
24577,1,2
20326,1,2
21716,1,2
10598,1,2
1433,1,2
5860,1,2
12426,1,2
10980,1,2
22044,1,2
27830,1,2
23077,1,2
26376,1,2
10406,1,2
23490,1,2
19566,1,2
11472,1,2
12063,1,2
8931,1,2
10968,1,2
27755,1,2
26847,1,2
1610,1,2
29236,1,2
16266,1,2
12393,1,2
26839,1,2
2767,1,2
12776,1,2
23176,1,2
216,1,2
24876,1,2
6165,1,2
3901,1,2
21231,1,2
24636,1,2
9999,1,2
14797,1,2
6087,1,2
14459,1,2
2856,1,2
18217,1,2
17041,1,2
12414,1,2
9672,1,2
516,1,2
11623,1,2
8281,1,2
20256,1,2
12078,1,2
17734,1,2
2157,1,2
28081,1,2
10726,1,2
29030,1,2
3096,1,2
22753,1,2
3108,1,2
10276,1,2
21881,1,2
6427,1,2
9252,1,2
2406,1,2
25038,1,2
14642,1,2
24743,1,2
18524,1,2
13420,1,2
3398,1,2
8943,1,2
27172,1,2
6939,1,2
27315,1,2
28314,1,2
27774,1,2
9816,1,2
16139,1,2
9418,1,2
12315,1,2
2518,1,2
29751,1,2
16601,1,2
17592,1,2
5100,1,2
9842,1,2
17187,1,2
7277,1,2
18772,1,2
10078,1,2
21770,1,2
26443,1,2
9892,1,2
6328,1,2
10045,1,2
26119,1,2
14329,1,2
26755,1,2
11846,1,2
16586,1,2
17550,1,2
21264,1,2
15091,1,2
23480,1,2
18393,1,2
22276,1,2
10399,1,2
8164,1,2
22500,1,2
10883,1,2
23086,1,2
24672,1,2
13720,1,2
17846,1,2
3382,1,2
9845,1,2
18832,1,2
19340,1,2
7339,1,2
14368,1,2
14659,1,2
428,1,2
16204,1,2
17507,1,2
624,1,2
28355,1,2
17170,1,2
1138,1,2
17663,1,2
24511,1,2
19542,1,2
4408,1,2
17120,1,2
10352,1,2
29596,1,2
9477,1,2
10299,1,2
2885,1,2
18417,1,2
7500,1,2
2683,1,2
23493,1,2
17172,1,2
22924,1,2
9898,1,2
6216,1,2
20719,1,2
7978,1,2
11405,1,2
5551,1,2
738,1,2
28717,1,2
10746,1,2
27645,1,2
7071,1,2
1710,1,2
3508,1,2
23162,1,2
29049,1,2
13804,1,2
13492,1,2
18340,1,2
12051,1,2
15955,1,2
18003,1,2
7779,1,2
9003,1,2
15746,1,2
25481,1,2
733,1,2
14198,1,2
21906,1,2
21044,1,2
15820,1,2
18842,1,2
20244,1,2
8203,1,2
28966,1,2
10586,1,2
19591,1,2
20199,1,2
18896,1,2
23628,1,2
4969,1,2
12621,1,2
8247,1,2
24382,1,2
2904,1,2
20273,1,2
12101,1,2
6069,1,2
12140,1,2
3698,1,2
29677,1,2
1912,1,2
6400,1,2
4475,1,2
23454,1,2
29217,1,2
8345,1,2
26623,1,2
26597,1,2
10038,1,2
3263,1,2
10261,1,2
16982,1,2
4977,1,2
11327,1,2
28216,1,2
20346,1,2
4229,1,2
5218,1,2
15844,1,2
19912,1,2
1427,1,2
8121,1,2
12793,1,2
10146,1,2
25767,1,2
26729,1,2
14499,1,2
10438,1,2
14563,1,2
16382,1,2
12947,1,2
16404,1,2
16383,1,2
27165,1,2
6797,1,2
11387,1,2
16953,1,2
2041,1,2
9403,1,2
14050,1,2
2907,1,2
9199,1,2
8739,1,2
14410,1,2
29287,1,2
1660,1,2
7318,1,2
11788,1,2
17306,1,2
24753,1,2
24337,1,2
27316,1,2
4981,1,2
14770,1,2
28421,1,2
26899,1,2
20086,1,2
4984,1,2
15281,1,2
26494,1,2
21581,1,2
896,1,2
1684,1,2
16497,1,2
16983,1,2
11193,1,2
9520,1,2
1487,1,2
22667,1,2
25028,1,2
9633,1,2
22323,1,2
10242,1,2
21377,1,2
15736,1,2
25681,1,2
8354,1,2
6346,1,2
13999,1,2
11990,1,2
5427,1,2
17694,1,2
24221,1,2
5640,1,2
12705,1,2
5720,1,2
22234,1,2
12463,1,2
25708,1,2
18836,1,2
17814,1,2
3483,1,2
17086,1,2
15980,1,2
27218,1,2
17816,1,2
21189,1,2
3230,1,2
2476,1,2
27719,1,2
24625,1,2
9427,1,2
15518,1,2
27758,1,2
7997,1,2
7255,1,2
644,1,2
2507,1,2
17731,1,2
10353,1,2
12738,1,2
3473,1,2
23597,1,2
27974,1,2
1227,1,2
3799,1,2
11622,1,2
10205,1,2
3658,1,2
28294,1,2
18553,1,2
22255,1,2
16011,1,2
12417,1,2
2561,1,2
20241,1,2
27942,1,2
18072,1,2
12556,1,2
16338,1,2
6562,1,2
15293,1,2
22256,1,2
173,1,2
14493,1,2
20380,1,2
25074,1,2
17599,1,2
17346,1,2
23853,1,2
2227,1,2
19995,1,2
2585,1,2
29774,1,2
26536,1,2
5742,1,2
23431,1,2
9942,1,2
17115,1,2
10814,1,2
12518,1,2
8786,1,2
10884,1,2
14538,1,2
13534,1,2
21873,1,2
4871,1,2
22356,1,2
19936,1,2
19681,1,2
11198,1,2
8156,1,2
20146,1,2
1090,1,2
11255,1,2
12526,1,2
27115,1,2
762,1,2
3410,1,2
18341,1,2
6271,1,2
7502,1,2
11941,1,2
27616,1,2
16201,1,2
7477,1,2
17697,1,2
2898,1,2
1616,1,2
22617,1,2
20236,1,2
21321,1,2
14477,1,2
27380,1,2
21266,1,2
10019,1,2
24662,1,2
8574,1,2
21506,1,2
8364,1,2
2958,1,2
26273,1,2
25180,1,2
28001,1,2
21693,1,2
26187,1,2
28017,1,2
9767,1,2
6289,1,2
23338,1,2
34,1,2
8845,1,2
24191,1,2
10803,1,2
18887,1,2
22336,1,2
15199,1,2
3482,1,2
10656,1,2
21453,1,2
2992,1,2
3703,1,2
5746,1,2
29768,1,2
550,1,2
22665,1,2
6174,1,2
3402,1,2
13517,1,2
16126,1,2
5034,1,2
24658,1,2
21163,1,2
20422,1,2
15209,1,2
6111,1,2
15230,1,2
1791,1,2
5647,1,2
10154,1,2
7912,1,2
1278,1,2
4519,1,2
24782,1,2
2848,1,2
12209,1,2
3469,1,2
5654,1,2
27912,1,2
28053,1,2
28420,1,2
19832,1,2
24713,1,2
14573,1,2
23634,1,2
423,1,2
10004,1,2
14928,1,2
18240,1,2
12340,1,2
29406,1,2
3246,1,2
14147,1,2
10575,1,2
14971,1,2
18696,1,2
2943,1,2
20842,1,2
27699,1,2
7964,1,2
11287,1,2
7923,1,2
5712,1,2
17976,1,2
8439,1,2
25046,1,2
1246,1,2
9115,1,2
12749,1,2
3847,1,2
5787,1,2
341,1,2
17828,1,2
20464,1,2
7397,1,2
8319,1,2
9103,1,2
11923,1,2
12695,1,2
4235,1,2
1078,1,2
17234,1,2
23029,1,2
2393,1,2
12618,1,2
26833,1,2
25435,1,2
1676,1,2
5500,1,2
20889,1,2
7893,1,2
8413,1,2
3580,1,2
10581,1,2
10708,1,2
9838,1,2
26662,1,2
2647,1,2
23896,1,2
20569,1,2
15049,1,2
15335,1,2
27263,1,2
20658,1,2
3964,1,2
1804,1,2
14699,1,2
22012,1,2
24001,1,2
21527,1,2
21366,1,2
23068,1,2
19138,1,2
3798,1,2
14970,1,2
6814,1,2
12376,1,2
3105,1,2
8085,1,2
26826,1,2
14759,1,2
23730,1,2
28096,1,2
27923,1,2
10572,1,2
24156,1,2
29611,1,2
19560,1,2
15001,1,2
1339,1,2
15062,1,2
7900,1,2
17959,1,2
9091,1,2
4143,1,2
21436,1,2
25687,1,2
12848,1,2
14000,1,2
17672,1,2
26728,1,2
8857,1,2
9722,1,2
27791,1,2
1972,1,2
7249,1,2
18928,1,2
10309,1,2
5198,1,2
22964,1,2
19587,1,2
6689,1,2
9132,1,2
13538,1,2
10718,1,2
18972,1,2
23423,1,2
4080,1,2
26445,1,2
14331,1,2
25916,1,2
10959,1,2
8925,1,2
1921,1,2
3208,1,2
25889,1,2
29430,1,2
8591,1,2
13118,1,2
3745,1,2
17354,1,2
13618,1,2
13762,1,2
14657,1,2
499,1,2
5199,1,2
8285,1,2
28412,1,2
10525,1,2
23796,1,2
19817,1,2
13640,1,2
6,1,2
22369,1,2
96,1,2
22367,1,2
11495,1,2
14636,1,2
21790,1,2
3585,1,2
2111,1,2
15999,1,2
26794,1,2
3694,1,2
28116,1,2
21813,1,2
18620,1,2
22199,1,2
23260,1,2
11456,1,2
9530,1,2
20221,1,2
14649,1,2
27748,1,2
27653,1,2
17066,1,2
8362,1,2
10023,1,2
3378,1,2
26348,1,2
21032,1,2
8274,1,2
11537,1,2
13316,1,2
20387,1,2
22046,1,2
12781,1,2
18903,1,2
16711,1,2
23589,1,2
14725,1,2
20958,1,2
1668,1,2
24758,1,2
4336,1,2
15543,1,2
24409,1,2
10990,1,2
12163,1,2
4410,1,2
2858,1,2
10577,1,2
25785,1,2
462,1,2
6224,1,2
9574,1,2
14983,1,2
18397,1,2
5762,1,2
18605,1,2
10772,1,2
8525,1,2
21371,1,2
24540,1,2
25627,1,2
29902,1,2
8686,1,2
4282,1,2
22835,1,2
16477,1,2
17588,1,2
7732,1,2
17597,1,2
26013,1,2
20495,1,2
7403,1,2
11887,1,2
20100,1,2
17546,1,2
2346,1,2
22577,1,2
27869,1,2
21040,1,2
12643,1,2
21285,1,2
16689,1,2
27349,1,2
14558,1,2
5436,1,2
25614,1,2
16088,1,2
28780,1,2
10533,1,2
15544,1,2
8777,1,2
18097,1,2
6425,1,2
20235,1,2
16782,1,2
25354,1,2
2974,1,2
878,1,2
4756,1,2
13977,1,2
5556,1,2
1288,1,2
23708,1,2
5871,1,2
28745,1,2
6714,1,2
13211,1,2
9315,1,2
23964,1,2
15415,1,2
345,1,2
10612,1,2
29485,1,2
23503,1,2
13707,1,2
16171,1,2
26859,1,2
9948,1,2
11974,1,2
10289,1,2
15411,1,2
2320,1,2
16995,1,2
12769,1,2
4457,1,2
21827,1,2
27347,1,2
25112,1,2
27683,1,2
10398,1,2
29429,1,2
23371,1,2
573,1,2
24937,1,2
7174,1,2
19057,1,2
17714,1,2
18655,1,2
16308,1,2
15402,1,2
21080,1,2
27102,1,2
11135,1,2
2602,1,2
4178,1,2
19677,1,2
24009,1,2
19161,1,2
22994,1,2
15981,1,2
24627,1,2
18875,1,2
9539,1,2
2819,1,2
28496,1,2
7725,1,2
24506,1,2
29508,1,2
1450,1,2
12339,1,2
20268,1,2
397,1,2
4867,1,2
4744,1,2
2240,1,2
8674,1,2
9887,1,2
9242,1,2
16143,1,2
29111,1,2
7442,1,2
6906,1,2
6522,1,2
29404,1,2
16612,1,2
14992,1,2
24360,1,2
19793,1,2
12585,1,2
21605,1,2
22796,1,2
19286,1,2
8351,1,2
92,1,2
13038,1,2
11872,1,2
17385,1,2
11733,1,2
24314,1,2
23677,1,2
16966,1,2
2730,1,2
11222,1,2
1483,1,2
24133,1,2
27253,1,2
26551,1,2
5982,1,2
13101,1,2
21110,1,2
22743,1,2
9293,1,2
6909,1,2
27272,1,2
7042,1,2
6628,1,2
27596,1,2
18367,1,2
20489,1,2
29689,1,2
11306,1,2
24178,1,2
7364,1,2
28701,1,2
26689,1,2
15956,1,2
18109,1,2
24013,1,2
351,1,2
8299,1,2
3876,1,2
11153,1,2
10300,1,2
21713,1,2
14443,1,2
16765,1,2
26930,1,2
21347,1,2
742,1,2
11352,1,2
3064,1,2
27494,1,2
23734,1,2
14510,1,2
8651,1,2
27922,1,2
25880,1,2
15547,1,2
29696,1,2
25269,1,2
18551,1,2
5210,1,2
15912,1,2
17462,1,2
1087,1,2
7132,1,2
9995,1,2
27046,1,2
29017,1,2
18837,1,2
18197,1,2
15643,1,2
4579,1,2
11378,1,2
1053,1,2
12217,1,2
18917,1,2
20777,1,2
14097,1,2
21849,1,2
19436,1,2
4580,1,2
19594,1,2
18107,1,2
23966,1,2
24870,1,2
11994,1,2
25337,1,2
6214,1,2
28061,1,2
10673,1,2
19960,1,2
4206,1,2
21343,1,2
13432,1,2
10867,1,2
26691,1,2
21741,1,2
3547,1,2
25698,1,2
1118,1,2
4706,1,2
25162,1,2
16671,1,2
626,1,2
2884,1,2
18415,1,2
25240,1,2
27175,1,2
12028,1,2
29573,1,2
10328,1,2
9202,1,2
1536,1,2
4702,1,2
20529,1,2
26117,1,2
29357,1,2
22595,1,2
447,1,2
22034,1,2
9932,1,2
20520,1,2
27303,1,2
25631,1,2
4140,1,2
20432,1,2
12528,1,2
12235,1,2
8029,1,2
11127,1,2
21914,1,2
12532,1,2
12826,1,2
13008,1,2
12642,1,2
22262,1,2
28212,1,2
9213,1,2
14053,1,2
6148,1,2
20123,1,2
3160,1,2
273,1,2
23229,1,2
16187,1,2
3318,1,2
3711,1,2
13506,1,2
12554,1,2
18834,1,2
6830,1,2
11574,1,2
3660,1,2
12519,1,2
18086,1,2
20482,1,2
15789,1,2
8757,1,2
1441,1,2
18685,1,2
4540,1,2
3383,1,2
13124,1,2
7570,1,2
10862,1,2
26040,1,2
15227,1,2
6119,1,2
18924,1,2
8891,1,2
10476,1,2
2229,1,2
1815,1,2
18336,1,2
2281,1,2
24556,1,2
19879,1,2
27002,1,2
843,1,2
15677,1,2
15392,1,2
9165,1,2
12767,1,2
15843,1,2
11142,1,2
22274,1,2
3256,1,2
3905,1,2
10387,1,2
13571,1,2
18636,1,2
20126,1,2
28185,1,2
12042,1,2
18010,1,2
7317,1,2
12321,1,2
5384,1,2
10455,1,2
22914,1,2
20303,1,2
2715,1,2
6725,1,2
344,1,2
15306,1,2
14121,1,2
963,1,2
2012,1,2
3242,1,2
4894,1,2
25997,1,2
25791,1,2
15724,1,2
11751,1,2
22809,1,2
23716,1,2
3425,1,2
27151,1,2
4589,1,2
26783,1,2
8447,1,2
15637,1,2
23740,1,2
9402,1,2
21910,1,2
5505,1,2
20399,1,2
8023,1,2
2571,1,2
2222,1,2
23130,1,2
10424,1,2
3858,1,2
4241,1,2
11863,1,2
3474,1,2
2129,1,2
14918,1,2
28357,1,2
29586,1,2
18477,1,2
7405,1,2
24491,1,2
27749,1,2
18623,1,2
4672,1,2
28967,1,2
664,1,2
12223,1,2
3979,1,2
14739,1,2
29999,1,2
11765,1,2
16483,1,2
14767,1,2
7563,1,2
10512,1,2
16937,1,2
25982,1,2
2980,1,2
7553,1,2
4391,1,2
28659,1,2
26669,1,2
11666,1,2
12367,1,2
13522,1,2
7330,1,2
4534,1,2
4720,1,2
13360,1,2
1923,1,2
2929,1,2
18593,1,2
24910,1,2
21019,1,2
5388,1,2
13328,1,2
9989,1,2
21934,1,2
16334,1,2
20685,1,2
2622,1,2
8649,1,2
20830,1,2
12698,1,2
23910,1,2
16222,1,2
16026,1,2
3706,1,2
278,1,2
7484,1,2
18571,1,2
11276,1,2
21309,1,2
6863,1,2
19706,1,2
20414,1,2
15486,1,2
20796,1,2
29478,1,2
5780,1,2
11408,1,2
11635,1,2
9407,1,2
11150,1,2
5501,1,2
852,1,2
7937,1,2
17594,1,2
14170,1,2
23842,1,2
23771,1,2
23564,1,2
10493,1,2
11073,1,2
16416,1,2
11860,1,2
11144,1,2
21830,1,2
23841,1,2
26798,1,2
17789,1,2
13664,1,2
13108,1,2
18764,1,2
9512,1,2
8824,1,2
11935,1,2
7663,1,2
16258,1,2
196,1,2
18713,1,2
28525,1,2
24664,1,2
24599,1,2
7552,1,2
323,1,2
15027,1,2
22674,1,2
312,1,2
23934,1,2
28526,1,2
22488,1,2
1555,1,2
3518,1,2
5545,1,2
23390,1,2
15668,1,2
7268,1,2
2034,1,2
29814,1,2
474,1,2
12973,1,2
26501,1,2
28181,1,2
6011,1,2
19438,1,2
27160,1,2
7691,1,2
19321,1,2
28777,1,2
775,1,2
2201,1,2
28818,1,2
7760,1,2
20383,1,2
28269,1,2
22109,1,2
11712,1,2
28057,1,2
14667,1,2
8725,1,2
3923,1,2
27874,1,2
28640,1,2
2141,1,2
15594,1,2
23104,1,2
11791,1,2
24134,1,2
15658,1,2
22344,1,2
21655,1,2
7565,1,2
12637,1,2
979,1,2
26974,1,2
14672,1,2
29745,1,2
8153,1,2
674,1,2
28546,1,2
22458,1,2
10144,1,2
14632,1,2
18039,1,2
9728,1,2
26875,1,2
25363,1,2
25495,1,2
14084,1,2
15098,1,2
22062,1,2
23593,1,2
4667,1,2
27409,1,2
9774,1,2
8487,1,2
15564,1,2
1377,1,2
7080,1,2
17481,1,2
16387,1,2
24692,1,2
8278,1,2
19402,1,2
13694,1,2
24630,1,2
19032,1,2
10574,1,2
18957,1,2
28346,1,2
99,1,2
20321,1,2
15065,1,2
8904,1,2
7708,1,2
23259,1,2
6239,1,2
3100,1,2
1426,1,2
15214,1,2
21654,1,2
29218,1,2
15763,1,2
12927,1,2
25042,1,2
21039,1,2
19352,1,2
27658,1,2
16354,1,2
1255,1,2
21126,1,2
4047,1,2
25343,1,2
3077,1,2
7231,1,2
3047,1,2
23577,1,2
26767,1,2
24848,1,2
5623,1,2
12214,1,2
13086,1,2
18362,1,2
26865,1,2
25172,1,2
6244,1,2
4125,1,2
29749,1,2
2678,1,2
8879,1,2
5006,1,2
18741,1,2
4448,1,2
29512,1,2
17601,1,2
20637,1,2
23435,1,2
6712,1,2
6267,1,2
872,1,2
17466,1,2
14801,1,2
27584,1,2
20765,1,2
24355,1,2
26725,1,2
1023,1,2
25424,1,2
24165,1,2
705,1,2
5604,1,2
16010,1,2
12287,1,2
14241,1,2
25358,1,2
14255,1,2
9620,1,2
14187,1,2
20300,1,2
17819,1,2
11911,1,2
5138,1,2
25758,1,2
29873,1,2
10263,1,2
17439,1,2
19155,1,2
16148,1,2
19807,1,2
11238,1,2
27742,1,2
5814,1,2
11152,1,2
10951,1,2
22474,1,2
22146,1,2
13577,1,2
25139,1,2
27247,1,2
21666,1,2
22828,1,2
26384,1,2
14214,1,2
25867,1,2
14919,1,2
21291,1,2
866,1,2
3222,1,2
16197,1,2
9392,1,2
27377,1,2
6602,1,2
16687,1,2
29383,1,2
9192,1,2
20629,1,2
8676,1,2
7175,1,2
6164,1,2
8889,1,2
16004,1,2
23862,1,2
4405,1,2
9526,1,2
12215,1,2
21588,1,2
7554,1,2
7085,1,2
23707,1,2
14886,1,2
4639,1,2
5391,1,2
14480,1,2
8742,1,2
2533,1,2
9226,1,2
3697,1,2
26088,1,2
27895,1,2
22974,1,2
21950,1,2
21217,1,2
16114,1,2
24378,1,2
29494,1,2
20712,1,2
22589,1,2
23436,1,2
928,1,2
6885,1,2
7100,1,2
5456,1,2
9093,1,2
27304,1,2
23183,1,2
17919,1,2
15873,1,2
9648,1,2
12477,1,2
19728,1,2
17181,1,2
3122,1,2
9300,1,2
29294,1,2
5414,1,2
4384,1,2
11188,1,2
19271,1,2
10949,1,2
19417,1,2
10083,1,2
28739,1,2
26310,1,2
1411,1,2
11450,1,2
29847,1,2
9309,1,2
22843,1,2
15244,1,2
5749,1,2
3510,1,2
14145,1,2
24140,1,2
29071,1,2
19264,1,2
21005,1,2
6944,1,2
14509,1,2
2764,1,2
15694,1,2
16413,1,2
13110,1,2
3068,1,2
19069,1,2
27097,1,2
7049,1,2
4469,1,2
6325,1,2
11682,1,2
22758,1,2
12670,1,2
14064,1,2
20502,1,2
4903,1,2
13557,1,2
9099,1,2
5843,1,2
15801,1,2
29935,1,2
12617,1,2
22165,1,2
8279,1,2
27894,1,2
29883,1,2
9701,1,2
18185,1,2
28720,1,2
6531,1,2
5325,1,2
26051,1,2
6538,1,2
9579,1,2
911,1,2
12167,1,2
491,1,2
20338,1,2
23909,1,2
16550,1,2
1388,1,2
20639,1,2
5859,1,2
17596,1,2
6646,1,2
1698,1,2
17756,1,2
3298,1,2
4972,1,2
15491,1,2
17133,1,2
10840,1,2
24531,1,2
24047,1,2
18067,1,2
16470,1,2
16867,1,2
21609,1,2
25045,1,2
9489,1,2
13630,1,2
21479,1,2
13494,1,2
29157,1,2
12573,1,2
24580,1,2
27834,1,2
11591,1,2
13685,1,2
1103,1,2
29602,1,2
11082,1,2
26936,1,2
9134,1,2
3922,1,2
21011,1,2
29720,1,2
14898,1,2
14944,1,2
11896,1,2
20804,1,2
6919,1,2
24633,1,2
1475,1,2
1731,1,2
2540,1,2
27603,1,2
23526,1,2
25087,1,2
5711,1,2
1981,1,2
23106,1,2
15393,1,2
17624,1,2
2280,1,2
22096,1,2
25581,1,2
1109,1,2
7212,1,2
2718,1,2
25457,1,2
20027,1,2
11524,1,2
2932,1,2
16442,1,2
2508,1,2
8377,1,2
24185,1,2
790,1,2
3820,1,2
26478,1,2
24237,1,2
11502,1,2
1834,1,2
25430,1,2
20044,1,2
6484,1,2
16810,1,2
21893,1,2
1588,1,2
6250,1,2
25339,1,2
15839,1,2
5128,1,2
26922,1,2
22798,1,2
23692,1,2
4093,1,2
27034,1,2
17900,1,2
16703,1,2
25693,1,2
12455,1,2
20391,1,2
4569,1,2
4343,1,2
26873,1,2
5784,1,2
7918,1,2
23211,1,2
4104,1,2
21601,1,2
29704,1,2
24789,1,2
5927,1,2
9682,1,2
8211,1,2
20444,1,2
29214,1,2
26406,1,2
3265,1,2
2388,1,2
2497,1,2
16270,1,2
11257,1,2
12681,1,2
4203,1,2
19670,1,2
15428,1,2
13544,1,2
5045,1,2
5186,1,2
26482,1,2
28417,1,2
28989,1,2
7581,1,2
6483,1,2
26474,1,2
21353,1,2
8409,1,2
46,1,2
15617,1,2
18968,1,2
14305,1,2
10189,1,2
28999,1,2
29417,1,2
17383,1,2
3579,1,2
27094,1,2
12283,1,2
17092,1,2
10202,1,2
29746,1,2
10465,1,2
26027,1,2
23066,1,2
25228,1,2
17166,1,2
29722,1,2
243,1,2
29272,1,2
24741,1,2
17116,1,2
11444,1,2
22748,1,2
4421,1,2
2950,1,2
24808,1,2
4028,1,2
24575,1,2
1661,1,2
17957,1,2
24781,1,2
16993,1,2
14687,1,2
20799,1,2
24646,1,2
15287,1,2
10124,1,2
12228,1,2
7475,1,2
5804,1,2
3710,1,2
24102,1,2
3031,1,2
1937,1,2
5453,1,2
7998,1,2
25179,1,2
17775,1,2
29516,1,2
29658,1,2
26453,1,2
21482,1,2
10855,1,2
28234,1,2
10039,1,2
1282,1,2
15461,1,2
4351,1,2
7647,1,2
26255,1,2
3843,1,2
21783,1,2
5824,1,2
21130,1,2
12590,1,2
5115,1,2
13586,1,2
22560,1,2
7573,1,2
17521,1,2
7613,1,2
11291,1,2
18426,1,2
19959,1,2
16556,1,2
12702,1,2
11061,1,2
6145,1,2
11282,1,2
4372,1,2
9875,1,2
19295,1,2
25288,1,2
23791,1,2
23667,1,2
5282,1,2
5214,1,2
52,1,2
19355,1,2
17444,1,2
3353,1,2
24971,1,2
25103,1,2
23334,1,2
18754,1,2
26787,1,2
14446,1,2
17319,1,2
19977,1,2
6788,1,2
10008,1,2
1598,1,2
21990,1,2
5727,1,2
210,1,2
12011,1,2
23502,1,2
24459,1,2
19175,1,2
2140,1,2
4303,1,2
11453,1,2
14575,1,2
6395,1,2
10385,1,2
22568,1,2
14753,1,2
24075,1,2
17786,1,2
14403,1,2
501,1,2
23009,1,2
16992,1,2
12542,1,2
16418,1,2
27950,1,2
17005,1,2
9987,1,2
26914,1,2
16650,1,2
17927,1,2
8713,1,2
29123,1,2
19981,1,2
10059,1,2
7451,1,2
26456,1,2
24407,1,2
9320,1,2
21368,1,2
4913,1,2
19507,1,2
24240,1,2
6223,1,2
5236,1,2
29731,1,2
18731,1,2
4120,1,2
29356,1,2
28915,1,2
5657,1,2
3193,1,2
21290,1,2
24521,1,2
3162,1,2
11967,1,2
8941,1,2
11189,1,2
26145,1,2
12917,1,2
1738,1,2
14008,1,2
8618,1,2
13162,1,2
11315,1,2
9698,1,2
20833,1,2
19472,1,2
13885,1,2
10062,1,2
11913,1,2
29237,1,2
25239,1,2
29787,1,2
14897,1,2
9872,1,2
19806,1,2
9401,1,2
6948,1,2
24375,1,2
28008,1,2
12402,1,2
7653,1,2
28675,1,2
26387,1,2
2960,1,2
6433,1,2
18724,1,2
20282,1,2
7209,1,2
13315,1,2
23588,1,2
3829,1,2
2842,1,2
3053,1,2
6730,1,2
11511,1,2
13061,1,2
17547,1,2
25747,1,2
12259,1,2
9084,1,2
15053,1,2
15030,1,2
11628,1,2
17897,1,2
15838,1,2
27650,1,2
8658,1,2
3427,1,2
14004,1,2
15737,1,2
14835,1,2
26571,1,2
27448,1,2
20985,1,2
3172,1,2
25473,1,2
28653,1,2
9169,1,2
3929,1,2
16833,1,2
6248,1,2
18597,1,2
2061,1,2
2564,1,2
23786,1,2
14405,1,2
17246,1,2
29427,1,2
23832,1,2
1966,1,2
23090,1,2
21313,1,2
5096,1,2
2900,1,2
1690,1,2
18521,1,2
4413,1,2
506,1,2
2043,1,2
19590,1,2
23167,1,2
16719,1,2
17495,1,2
11288,1,2
6404,1,2
26638,1,2
24074,1,2
15420,1,2
6186,1,2
21820,1,2
10643,1,2
18980,1,2
20317,1,2
26758,1,2
7786,1,2
20822,1,2
29038,1,2
13995,1,2
1569,1,2
23308,1,2
24357,1,2
25310,1,2
16502,1,2
28697,1,2
13066,1,2
11769,1,2
22565,1,2
9712,1,2
14874,1,2
6741,1,2
13317,1,2
1266,1,2
12836,1,2
1302,1,2
25558,1,2
18040,1,2
26601,1,2
1968,1,2
19804,1,2
14244,1,2
3115,1,2
3639,1,2
1962,1,2
11925,1,2
22197,1,2
6462,1,2
9443,1,2
1047,1,2
20888,1,2
17496,1,2
11416,1,2
27809,1,2
22875,1,2
29851,1,2
6388,1,2
1758,1,2
11433,1,2
29542,1,2
8731,1,2
12398,1,2
22718,1,2
25465,1,2
10821,1,2
22200,1,2
17224,1,2
24930,1,2
6480,1,2
14750,1,2
12920,1,2
9755,1,2
19885,1,2
27811,1,2
22869,1,2
15602,1,2
13581,1,2
21552,1,2
29949,1,2
6757,1,2
2754,1,2
16429,1,2
7420,1,2
980,1,2
26018,1,2
18403,1,2
8634,1,2
334,1,2
14727,1,2
17541,1,2
25822,1,2
21961,1,2
23662,1,2
8639,1,2
28031,1,2
22650,1,2
14763,1,2
9266,1,2
10714,1,2
4347,1,2
23143,1,2
19261,1,2
22713,1,2
274,1,2
10365,1,2
12119,1,2
5523,1,2
25274,1,2
28855,1,2
10727,1,2
17265,1,2
22543,1,2
5472,1,2
18598,1,2
21090,1,2
12406,1,2
17068,1,2
20311,1,2
20018,1,2
4991,1,2
1396,1,2
12432,1,2
15277,1,2
11333,1,2
17219,1,2
21504,1,2
20820,1,2
6070,1,2
9061,1,2
657,1,2
8505,1,2
28814,1,2
6902,1,2
24418,1,2
1434,1,2
18124,1,2
8863,1,2
6128,1,2
29893,1,2
943,1,2
7486,1,2
3928,1,2
9384,1,2
11191,1,2
19311,1,2
20156,1,2
29672,1,2
26394,1,2
17795,1,2
5221,1,2
11717,1,2
20627,1,2
3578,1,2
8528,1,2
13309,1,2
21922,1,2
905,1,2
7840,1,2
2617,1,2
24336,1,2
6951,1,2
11403,1,2
8969,1,2
21484,1,2
11581,1,2
21887,1,2
9926,1,2
18790,1,2
3058,1,2
28662,1,2
8144,1,2
17448,1,2
16746,1,2
22771,1,2
22390,1,2
15818,1,2
16737,1,2
28436,1,2
6888,1,2
16603,1,2
4602,1,2
15483,1,2
6824,1,2
330,1,2
25443,1,2
19697,1,2
11815,1,2
28099,1,2
20257,1,2
14242,1,2
22997,1,2
15079,1,2
2286,1,2
29203,1,2
23595,1,2
20168,1,2
10958,1,2
4296,1,2
4749,1,2
12710,1,2
23467,1,2
21868,1,2
1182,1,2
4772,1,2
29741,1,2
20956,1,2
12986,1,2
5535,1,2
11582,1,2
9391,1,2
24470,1,2
7792,1,2
27294,1,2
16680,1,2
14618,1,2
3548,1,2
26756,1,2
28247,1,2
23834,1,2
5437,1,2
20061,1,2
12536,1,2
21002,1,2
12584,1,2
12594,1,2
10133,1,2
22267,1,2
11068,1,2
17556,1,2
10496,1,2
21967,1,2
3394,1,2
21251,1,2
22542,1,2
10001,1,2
6440,1,2
5040,1,2
5598,1,2
22685,1,2
8295,1,2
17243,1,2
15984,1,2
5572,1,2
29255,1,2
28528,1,2
22039,1,2
9946,1,2
26331,1,2
23812,1,2
1664,1,2
21779,1,2
29550,1,2
23703,1,2
23239,1,2
27486,1,2
22085,1,2
6879,1,2
17034,1,2
12741,1,2
8910,1,2
4783,1,2
25915,1,2
10876,1,2
8161,1,2
12843,1,2
21096,1,2
27800,1,2
5925,1,2
14353,1,2
7326,1,2
288,1,2
3525,1,2
27657,1,2
7780,1,2
14724,1,2
25983,1,2
23345,1,2
121,1,2
11961,1,2
2714,1,2
890,1,2
1243,1,2
14542,1,2
27769,1,2
19866,1,2
17673,1,2
18602,1,2
9172,1,2
7568,1,2
28627,1,2
5533,1,2
15181,1,2
21345,1,2
15377,1,2
17501,1,2
28549,1,2
9246,1,2
702,1,2
11626,1,2
13053,1,2
5688,1,2
13927,1,2
7375,1,2
18672,1,2
24448,1,2
27051,1,2
22123,1,2
13357,1,2
4479,1,2
26327,1,2
12364,1,2
26398,1,2
1035,1,2
16761,1,2
28767,1,2
27907,1,2
21816,1,2
23208,1,2
3707,1,2
7107,1,2
29304,1,2
11727,1,2
10021,1,2
26262,1,2
20141,1,2
6916,1,2
14417,1,2
24387,1,2
11400,1,2
17351,1,2
16525,1,2
14313,1,2
16215,1,2
17499,1,2
9811,1,2
21123,1,2
7652,1,2
26621,1,2
10016,1,2
8480,1,2
13620,1,2
29854,1,2
2901,1,2
7600,1,2
11247,1,2
4438,1,2
19195,1,2
18878,1,2
3488,1,2
715,1,2
6934,1,2
6134,1,2
11160,1,2
29811,1,2
12193,1,2
21788,1,2
5304,1,2
21026,1,2
1448,1,2
9147,1,2
401,1,2
14600,1,2
27921,1,2
18652,1,2
16695,1,2
29474,1,2
6656,1,2
3396,1,2
16974,1,2
8370,1,2
12407,1,2
23785,1,2
9731,1,2
23072,1,2
24082,1,2
11943,1,2
15570,1,2
4785,1,2
28151,1,2
13010,1,2
21242,1,2
28843,1,2
3792,1,2
12633,1,2
8868,1,2
16933,1,2
16398,1,2
15480,1,2
22611,1,2
24947,1,2
13626,1,2
28868,1,2
13483,1,2
29600,1,2
10993,1,2
4877,1,2
22511,1,2
10579,1,2
24637,1,2
25733,1,2
14442,1,2
28556,1,2
18629,1,2
7785,1,2
9287,1,2
20278,1,2
17590,1,2
22296,1,2
29518,1,2
25542,1,2
1510,1,2
23131,1,2
4339,1,2
23385,1,2
2119,1,2
25763,1,2
29292,1,2
8761,1,2
7113,1,2
24202,1,2
11175,1,2
18152,1,2
14416,1,2
29868,1,2
4844,1,2
21046,1,2
199,1,2
14169,1,2
3455,1,2
5979,1,2
12092,1,2
5570,1,2
3592,1,2
20640,1,2
1337,1,2
12462,1,2
7827,1,2
6835,1,2
4819,1,2
12690,1,2
21268,1,2
10217,1,2
10781,1,2
18065,1,2
7030,1,2
4070,1,2
1945,1,2
9902,1,2
4246,1,2
15429,1,2
14503,1,2
4450,1,2
13475,1,2
2772,1,2
28038,1,2
28991,1,2
6634,1,2
9904,1,2
12593,1,2
1414,1,2
16183,1,2
28625,1,2
8779,1,2
21641,1,2
22864,1,2
14248,1,2
144,1,2
23332,1,2
29559,1,2
1050,1,2
23233,1,2
20467,1,2
12691,1,2
9194,1,2
1512,1,2
6492,1,2
11466,1,2
10229,1,2
23309,1,2
25418,1,2
22345,1,2
14222,1,2
16638,1,2
3027,1,2
19279,1,2
16584,1,2
14697,1,2
25815,1,2
1818,1,2
22972,1,2
19883,1,2
7850,1,2
20328,1,2
24203,1,2
9397,1,2
15783,1,2
18368,1,2
16345,1,2
17287,1,2
29026,1,2
28816,1,2
20882,1,2
18270,1,2
18353,1,2
17687,1,2
7503,1,2
5875,1,2
11858,1,2
19662,1,2
2275,1,2
24455,1,2
25253,1,2
27020,1,2
16659,1,2
16893,1,2
6925,1,2
19035,1,2
20703,1,2
27934,1,2
17471,1,2
26053,1,2
4955,1,2
29343,1,2
8390,1,2
26541,1,2
24148,1,2
24468,1,2
16605,1,2
21763,1,2
29484,1,2
6252,1,2
22502,1,2
4322,1,2
2635,1,2
21630,1,2
23023,1,2
28683,1,2
5135,1,2
26231,1,2
27367,1,2
14748,1,2
8629,1,2
28200,1,2
19377,1,2
3789,1,2
25455,1,2
25161,1,2
12596,1,2
25384,1,2
26260,1,2
16570,1,2
16583,1,2
7799,1,2
24809,1,2
24396,1,2
20336,1,2
19467,1,2
22068,1,2
26207,1,2
25637,1,2
13155,1,2
19060,1,2
8999,1,2
7286,1,2
9918,1,2
15336,1,2
2136,1,2
8735,1,2
8034,1,2
27081,1,2
29694,1,2
18469,1,2
7888,1,2
25905,1,2
21478,1,2
4165,1,2
11028,1,2
12136,1,2
24371,1,2
9547,1,2
10610,1,2
12385,1,2
9000,1,2
6688,1,2
11651,1,2
7012,1,2
17268,1,2
27174,1,2
261,1,2
13400,1,2
21867,1,2
27566,1,2
15289,1,2
25991,1,2
6758,1,2
15497,1,2
15391,1,2
22670,1,2
18190,1,2
19860,1,2
7033,1,2
17408,1,2
8049,1,2
26084,1,2
22521,1,2
7499,1,2
14815,1,2
28969,1,2
13656,1,2
656,1,2
7901,1,2
15800,1,2
4404,1,2
28783,1,2
5339,1,2
6188,1,2
14994,1,2
7884,1,2
4256,1,2
13099,1,2
6149,1,2
5284,1,2
16217,1,2
8460,1,2
5679,1,2
5005,1,2
1444,1,2
14614,1,2
19442,1,2
10212,1,2
24745,1,2
15582,1,2
24624,1,2
29674,1,2
2867,1,2
5975,1,2
13191,1,2
8979,1,2
19401,1,2
20993,1,2
25233,1,2
13610,1,2
25648,1,2
10413,1,2
24016,1,2
3806,1,2
9655,1,2
29514,1,2
27998,1,2
1489,1,2
12730,1,2
15000,1,2
20721,1,2
25238,1,2
14789,1,2
28781,1,2
1366,1,2
23458,1,2
4739,1,2
8466,1,2
26527,1,2
8610,1,2
4884,1,2
11331,1,2
3601,1,2
8760,1,2
14529,1,2
2464,1,2
12863,1,2
5671,1,2
3045,1,2
3184,1,2
14311,1,2
4115,1,2
25575,1,2
811,1,2
5220,1,2
9644,1,2
23405,1,2
6049,1,2
14461,1,2
367,1,2
8827,1,2
27023,1,2
27006,1,2
14319,1,2
15852,1,2
14878,1,2
127,1,2
21206,1,2
873,1,2
24480,1,2
12058,1,2
15057,1,2
20759,1,2
17995,1,2
456,1,2
22895,1,2
16516,1,2
19044,1,2
8704,1,2
12813,1,2
3842,1,2
15299,1,2
2405,1,2
27186,1,2
9183,1,2
10527,1,2
13040,1,2
14836,1,2
16981,1,2
3776,1,2
12740,1,2
26058,1,2
5980,1,2
15342,1,2
20441,1,2
21439,1,2
12969,1,2
15274,1,2
23349,1,2
19077,1,2
6826,1,2
15499,1,2
7125,1,2
20312,1,2
29881,1,2
19537,1,2
17913,1,2
23512,1,2
12036,1,2
9606,1,2
8375,1,2
26087,1,2
25440,1,2
24539,1,2
536,1,2
28317,1,2
12181,1,2
27198,1,2
11293,1,2
6896,1,2
13363,1,2
3286,1,2
8082,1,2
26450,1,2
5343,1,2
15757,1,2
17386,1,2
16317,1,2
14337,1,2
6633,1,2
4605,1,2
23048,1,2
27717,1,2
23528,1,2
15513,1,2
28498,1,2
8348,1,2
29348,1,2
4037,1,2
2566,1,2
15662,1,2
19934,1,2
11374,1,2
3000,1,2
7335,1,2
21093,1,2
10333,1,2
2973,1,2
7505,1,2
10305,1,2
19009,1,2
16534,1,2
10244,1,2
13658,1,2
24333,1,2
21536,1,2
5449,1,2
28597,1,2
21514,1,2
22229,1,2
4584,1,2
25834,1,2
29339,1,2
7267,1,2
4084,1,2
12110,1,2
16912,1,2
20233,1,2
7439,1,2
15119,1,2
11204,1,2
2641,1,2
21643,1,2
9331,1,2
26599,1,2
14570,1,2
11959,1,2
11436,1,2
29615,1,2
7558,1,2
971,1,2
1453,1,2
880,1,2
3386,1,2
24605,1,2
2463,1,2
6977,1,2
12745,1,2
13468,1,2
9687,1,2
18303,1,2
25591,1,2
15918,1,2
27520,1,2
22939,1,2
9561,1,2
29724,1,2
23035,1,2
10127,1,2
11215,1,2
10881,1,2
8137,1,2
26988,1,2
18307,1,2
17911,1,2
20592,1,2
28368,1,2
1741,1,2
16423,1,2
11004,1,2
4949,1,2
28779,1,2
3023,1,2
2583,1,2
15099,1,2
20165,1,2
26338,1,2
4850,1,2
29621,1,2
29663,1,2
22705,1,2
21481,1,2
26178,1,2
27445,1,2
1723,1,2
8485,1,2
346,1,2
13028,1,2
8821,1,2
25676,1,2
7534,1,2
23389,1,2
21579,1,2
8886,1,2
24884,1,2
10504,1,2
7301,1,2
20023,1,2
25809,1,2
3050,1,2
29521,1,2
11335,1,2
24039,1,2
7748,1,2
9381,1,2
10933,1,2
6032,1,2
9621,1,2
2724,1,2
18008,1,2
10898,1,2
21375,1,2
10986,1,2
4738,1,2
4832,1,2
8090,1,2
12932,1,2
21859,1,2
9116,1,2
15134,1,2
10392,1,2
29411,1,2
24367,1,2
2171,1,2
25143,1,2
24330,1,2
4659,1,2
17117,1,2
13789,1,2
29966,1,2
1994,1,2
16115,1,2
19278,1,2
3498,1,2
485,1,2
12792,1,2
5026,1,2
13369,1,2
28606,1,2
5252,1,2
14957,1,2
3566,1,2
8673,1,2
21623,1,2
9161,1,2
15938,1,2
19083,1,2
17644,1,2
15076,1,2
29865,1,2
25264,1,2
28078,1,2
24552,1,2
26026,1,2
6029,1,2
9992,1,2
25323,1,2
15294,1,2
28836,1,2
24125,1,2
17585,1,2
21943,1,2
5576,1,2
7721,1,2
22888,1,2
2649,1,2
22741,1,2
8957,1,2
15315,1,2
2579,1,2
8972,1,2
15010,1,2
18386,1,2
13130,1,2
11497,1,2
5799,1,2
27909,1,2
10507,1,2
2805,1,2
26853,1,2
20492,1,2
291,1,2
9334,1,2
12559,1,2
21521,1,2
15786,1,2
28484,1,2
17309,1,2
10620,1,2
16239,1,2
13271,1,2
7676,1,2
15488,1,2
4513,1,2
26664,1,2
2949,1,2
1765,1,2
5658,1,2
6478,1,2
6067,1,2
16178,1,2
18363,1,2
3885,1,2
4699,1,2
22333,1,2
23685,1,2
20624,1,2
13884,1,2
27518,1,2
13862,1,2
27156,1,2
28075,1,2
24833,1,2
14853,1,2
18936,1,2
7898,1,2
11070,1,2
29863,1,2
25820,1,2
5139,1,2
4890,1,2
4186,1,2
22266,1,2
14088,1,2
13637,1,2
6904,1,2
14809,1,2
4788,1,2
741,1,2
2797,1,2
6657,1,2
29962,1,2
2549,1,2
28468,1,2
19064,1,2
16415,1,2
25812,1,2
5225,1,2
21095,1,2
22859,1,2
24649,1,2
28389,1,2
2496,1,2
22286,1,2
11248,1,2
13133,1,2
19100,1,2
8922,1,2
26133,1,2
26979,1,2
29118,1,2
3106,1,2
10650,1,2
6428,1,2
1827,1,2
16790,1,2
640,1,2
19574,1,2
11813,1,2
29567,1,2
25553,1,2
24339,1,2
13278,1,2
29773,1,2
14108,1,2
22016,1,2
953,1,2
25328,1,2
4634,1,2
2029,1,2
9791,1,2
22114,1,2
20351,1,2
3049,1,2
17427,1,2
26999,1,2
9051,1,2
17657,1,2
5068,1,2
20136,1,2
2310,1,2
13632,1,2
28318,1,2
16919,1,2
12425,1,2
19316,1,2
5286,1,2
29948,1,2
26903,1,2
28152,1,2
15811,1,2
1202,1,2
28415,1,2
480,1,2
12821,1,2
14285,1,2
26802,1,2
22585,1,2
9681,1,2
14756,1,2
8650,1,2
1322,1,2
13308,1,2
16541,1,2
29268,1,2
15986,1,2
10071,1,2
22421,1,2
8013,1,2
17936,1,2
5678,1,2
19125,1,2
9128,1,2
7495,1,2
13638,1,2
28204,1,2
22975,1,2
28866,1,2
20801,1,2
13063,1,2
927,1,2
8058,1,2
7936,1,2
11932,1,2
16635,1,2
23743,1,2
22171,1,2
24246,1,2
16135,1,2
26554,1,2
8047,1,2
13845,1,2
20869,1,2
22784,1,2
15575,1,2
26596,1,2
26427,1,2
15058,1,2
15808,1,2
12804,1,2
24414,1,2
11625,1,2
2221,1,2
15537,1,2
18304,1,2
28333,1,2
18266,1,2
29554,1,2
8227,1,2
12301,1,2
14647,1,2
29148,1,2
12083,1,2
7682,1,2
512,1,2
28428,1,2
21340,1,2
15557,1,2
28390,1,2
18776,1,2
12704,1,2
25167,1,2
26835,1,2
28630,1,2
28242,1,2
1456,1,2
20035,1,2
8214,1,2
28821,1,2
8394,1,2
24334,1,2
12423,1,2
20284,1,2
18334,1,2
25700,1,2
20605,1,2
23118,1,2
29028,1,2
4058,1,2
6287,1,2
4254,1,2
3780,1,2
9798,1,2
27513,1,2
20966,1,2
6880,1,2
27993,1,2
15672,1,2
10012,1,2
16339,1,2
28196,1,2
29899,1,2
2955,1,2
14307,1,2
12133,1,2
29832,1,2
26701,1,2
5564,1,2
6126,1,2
29988,1,2
230,1,2
25197,1,2
6258,1,2
13126,1,2
15361,1,2
3778,1,2
9688,1,2
15109,1,2
2762,1,2
10779,1,2
25514,1,2
24119,1,2
10185,1,2
23317,1,2
20542,1,2
9532,1,2
1553,1,2
27317,1,2
13173,1,2
8939,1,2
23790,1,2
20653,1,2
19796,1,2
12865,1,2
20771,1,2
7388,1,2
23050,1,2
23766,1,2
24798,1,2
22185,1,2
16274,1,2
10654,1,2
8057,1,2
3916,1,2
3494,1,2
17031,1,2
1901,1,2
23979,1,2
24490,1,2
25728,1,2
20571,1,2
27085,1,2
1336,1,2
15135,1,2
29657,1,2
25411,1,2
19772,1,2
23457,1,2
1470,1,2
20861,1,2
24463,1,2
5464,1,2
2903,1,2
18511,1,2
19314,1,2
3594,1,2
1642,1,2
26591,1,2
4900,1,2
23674,1,2
27190,1,2
5853,1,2
16403,1,2
4546,1,2
18909,1,2
29415,1,2
12968,1,2
4220,1,2
5035,1,2
6173,1,2
12739,1,2
16834,1,2
6460,1,2
2133,1,2
5954,1,2
11963,1,2
8147,1,2
27725,1,2
21333,1,2
8200,1,2
12368,1,2
1215,1,2
15022,1,2
8871,1,2
22559,1,2
8030,1,2
10556,1,2
9567,1,2
15180,1,2
25732,1,2
28865,1,2
25686,1,2
1715,1,2
2485,1,2
20731,1,2
16685,1,2
4520,1,2
14812,1,2
23354,1,2
11262,1,2
22220,1,2
13033,1,2
27427,1,2
23744,1,2
10094,1,2
20130,1,2
8196,1,2
20847,1,2
13855,1,2
28265,1,2
12574,1,2
8240,1,2
4170,1,2
11091,1,2
2851,1,2
1889,1,2
20084,1,2
14261,1,2
14006,1,2
21016,1,2
22860,1,2
18098,1,2
6151,1,2
3441,1,2
17077,1,2
22112,1,2
21743,1,2
24003,1,2
16936,1,2
2918,1,2
4344,1,2
18126,1,2
18993,1,2
936,1,2
18654,1,2
29980,1,2
17048,1,2
10777,1,2
752,1,2
3492,1,2
14411,1,2
13202,1,2
28156,1,2
16971,1,2
13797,1,2
26547,1,2
13520,1,2
14766,1,2
23869,1,2
24786,1,2
21512,1,2
23614,1,2
10443,1,2
8180,1,2
1147,1,2
20860,1,2
13291,1,2
6769,1,2
13498,1,2
4751,1,2
27943,1,2
23991,1,2
6836,1,2
17840,1,2
19172,1,2
25883,1,2
28713,1,2
11816,1,2
20218,1,2
24200,1,2
26319,1,2
8225,1,2
26921,1,2
17904,1,2
24722,1,2
11677,1,2
19384,1,2
26067,1,2
17284,1,2
17553,1,2
18123,1,2
28685,1,2
5394,1,2
8862,1,2
14959,1,2
14579,1,2
7685,1,2
1045,1,2
3308,1,2
23109,1,2
13687,1,2
22108,1,2
27184,1,2
21921,1,2
5610,1,2
4843,1,2
21450,1,2
3662,1,2
16356,1,2
11032,1,2
1530,1,2
16240,1,2
3638,1,2
6000,1,2
24794,1,2
13677,1,2
25755,1,2
4596,1,2
25968,1,2
3284,1,2
17433,1,2
22836,1,2
8206,1,2
28146,1,2
10812,1,2
22763,1,2
6526,1,2
9564,1,2
28574,1,2
11194,1,2
5155,1,2
29270,1,2
8648,1,2
8958,1,2
9938,1,2
22241,1,2
6204,1,2
27714,1,2
11900,1,2
6527,1,2
13902,1,2
8194,1,2
13377,1,2
26633,1,2
17008,1,2
8324,1,2
13487,1,2
3725,1,2
21247,1,2
11845,1,2
14040,1,2
5815,1,2
2726,1,2
15165,1,2
20161,1,2
10953,1,2
11264,1,2
29905,1,2
1947,1,2
25417,1,2
532,1,2
23671,1,2
18337,1,2
26009,1,2
18054,1,2
22830,1,2
1612,1,2
17016,1,2
4645,1,2
23404,1,2
22328,1,2
12675,1,2
4771,1,2
1959,1,2
24317,1,2
5332,1,2
13561,1,2
18905,1,2
18170,1,2
6334,1,2
10013,1,2
6003,1,2
28115,1,2
16906,1,2
17866,1,2
24474,1,2
19841,1,2
21765,1,2
6482,1,2
7594,1,2
27995,1,2
1113,1,2
35,1,2
1730,1,2
26607,1,2
25153,1,2
7545,1,2
22160,1,2
1471,1,2
20769,1,2
19636,1,2
27363,1,2
13344,1,2
3448,1,2
7579,1,2
22591,1,2
29020,1,2
1422,1,2
13889,1,2
17990,1,2
17813,1,2
2055,1,2
14127,1,2
16293,1,2
24828,1,2
23663,1,2
6744,1,2
10969,1,2
18189,1,2
7976,1,2
27109,1,2
14834,1,2
14950,1,2
1635,1,2
10690,1,2
26464,1,2
24326,1,2
12233,1,2
12649,1,2
27204,1,2
25492,1,2
17452,1,2
27634,1,2
24218,1,2
22654,1,2
27181,1,2
382,1,2
3169,1,2
4168,1,2
20005,1,2
23709,1,2
27863,1,2
13818,1,2
16007,1,2
19847,1,2
12457,1,2
28784,1,2
20904,1,2
8778,1,2
18130,1,2
28509,1,2
7303,1,2
19274,1,2
28517,1,2
26542,1,2
2009,1,2
28851,1,2
18632,1,2
11771,1,2
19931,1,2
15773,1,2
26297,1,2
13741,1,2
12837,1,2
20477,1,2
10630,1,2
21143,1,2
9565,1,2
1346,1,2
18335,1,2
28114,1,2
8398,1,2
718,1,2
1771,1,2
24814,1,2
22518,1,2
2404,1,2
24309,1,2
27933,1,2
25638,1,2
10600,1,2
11505,1,2
3874,1,2
19861,1,2
2595,1,2
2004,1,2
3635,1,2
15987,1,2
25571,1,2
7525,1,2
22087,1,2
7445,1,2
2408,1,2
15558,1,2
2142,1,2
22362,1,2
25296,1,2
22992,1,2
29840,1,2
8178,1,2
14023,1,2
25469,1,2
24512,1,2
11224,1,2
9214,1,2
21236,1,2
21455,1,2
28793,1,2
8476,1,2
4989,1,2
10882,1,2
5461,1,2
6392,1,2
12876,1,2
17244,1,2
2947,1,2
13984,1,2
13259,1,2
16175,1,2
6703,1,2
18788,1,2
7578,1,2
9396,1,2
10319,1,2
23511,1,2
28689,1,2
16233,1,2
23923,1,2
12282,1,2
10182,1,2
27211,1,2
11527,1,2
4501,1,2
19080,1,2
23424,1,2
17230,1,2
24564,1,2
2752,1,2
24766,1,2
24666,1,2
7278,1,2
17803,1,2
4160,1,2
1666,1,2
6253,1,2
3470,1,2
8426,1,2
21938,1,2
11321,1,2
22310,1,2
4813,1,2
3270,1,2
26397,1,2
18548,1,2
18612,1,2
993,1,2
4341,1,2
27255,1,2
5042,1,2
12650,1,2
20521,1,2
11615,1,2
26209,1,2
12758,1,2
6699,1,2
14964,1,2
16851,1,2
28577,1,2
20239,1,2
13985,1,2
24797,1,2
17829,1,2
18590,1,2
802,1,2
14717,1,2
28193,1,2
13814,1,2
7672,1,2
18833,1,2
10087,1,2
19548,1,2
5183,1,2
12202,1,2
10275,1,2
20255,1,2
18528,1,2
14351,1,2
14059,1,2
4794,1,2
8470,1,2
7731,1,2
6505,1,2
24908,1,2
8516,1,2
736,1,2
6620,1,2
19047,1,2
17431,1,2
4742,1,2
283,1,2
19759,1,2
21226,1,2
25175,1,2
13842,1,2
2250,1,2
2259,1,2
3451,1,2
5348,1,2
21086,1,2
6024,1,2
9773,1,2
8238,1,2
28418,1,2
15325,1,2
11547,1,2
23098,1,2
9961,1,2
10944,1,2
25977,1,2
5018,1,2
7536,1,2
4817,1,2
7353,1,2
7202,1,2
10381,1,2
3702,1,2
26754,1,2
18371,1,2
8483,1,2
9289,1,2
15416,1,2
17161,1,2
8902,1,2
3946,1,2
9502,1,2
25953,1,2
19263,1,2
15975,1,2
1805,1,2
7112,1,2
17902,1,2
24620,1,2
23136,1,2
5157,1,2
27291,1,2
2316,1,2
11890,1,2
15915,1,2
18182,1,2
16272,1,2
6237,1,2
29504,1,2
14999,1,2
29283,1,2
22953,1,2
2084,1,2
4148,1,2
3329,1,2
9058,1,2
19224,1,2
27881,1,2
23533,1,2
20791,1,2
2874,1,2
11841,1,2
23517,1,2
24146,1,2
14576,1,2
25126,1,2
26680,1,2
7767,1,2
20949,1,2
4707,1,2
9517,1,2
15785,1,2
26710,1,2
24560,1,2
14058,1,2
24023,1,2
27270,1,2
19606,1,2
24989,1,2
17298,1,2
22686,1,2
26820,1,2
10429,1,2
15192,1,2
18497,1,2
29426,1,2
23850,1,2
280,1,2
25407,1,2
20621,1,2
19939,1,2
6635,1,2
6422,1,2
11067,1,2
27571,1,2
16707,1,2
24868,1,2
19635,1,2
9240,1,2
4952,1,2
12530,1,2
6350,1,2
4156,1,2
3769,1,2
28771,1,2
23214,1,2
28106,1,2
24895,1,2
20286,1,2
14320,1,2
27936,1,2
15045,1,2
1179,1,2
6187,1,2
20184,1,2
4974,1,2
10444,1,2
28121,1,2
22239,1,2
20996,1,2
23843,1,2
14152,1,2
13745,1,2
11776,1,2
7029,1,2
21810,1,2
8873,1,2
7228,1,2
15713,1,2
20723,1,2
19987,1,2
5697,1,2
28800,1,2
4034,1,2
16097,1,2
19416,1,2
19473,1,2
1121,1,2
10226,1,2
26033,1,2
22709,1,2
28223,1,2
959,1,2
2362,1,2
7221,1,2
4285,1,2
22545,1,2
17867,1,2
4915,1,2
11491,1,2
24941,1,2
17189,1,2
6215,1,2
5425,1,2
16359,1,2
21114,1,2
7882,1,2
10735,1,2
20442,1,2
5553,1,2
10359,1,2
20372,1,2
9188,1,2
17402,1,2
9544,1,2
6529,1,2
10105,1,2
24215,1,2
5777,1,2
21219,1,2
26842,1,2
21611,1,2
18932,1,2
22629,1,2
1163,1,2
1175,1,2
9038,1,2
14302,1,2
29448,1,2
28941,1,2
14233,1,2
4851,1,2
26735,1,2
4209,1,2
8840,1,2
2277,1,2
18349,1,2
3189,1,2
26222,1,2
15509,1,2
8005,1,2
22566,1,2
4320,1,2
5496,1,2
28176,1,2
3971,1,2
21101,1,2
20835,1,2
4810,1,2
22103,1,2
10747,1,2
13867,1,2
15529,1,2
17510,1,2
25645,1,2
147,1,2
17399,1,2
8763,1,2
4273,1,2
29439,1,2
5215,1,2
27485,1,2
19191,1,2
13766,1,2
23592,1,2
43,1,2
6463,1,2
9250,1,2
24836,1,2
29803,1,2
29909,1,2
19466,1,2
27077,1,2
6035,1,2
27140,1,2
11644,1,2
14441,1,2
6868,1,2
19013,1,2
13195,1,2
12281,1,2
19797,1,2
14787,1,2
27766,1,2
7809,1,2
20475,1,2
27071,1,2
11997,1,2
12756,1,2
3316,1,2
3840,1,2
13148,1,2
15273,1,2
20037,1,2
13302,1,2
5379,1,2
24915,1,2
19079,1,2
3939,1,2
4688,1,2
9693,1,2
7690,1,2
25449,1,2
14685,1,2
24834,1,2
10836,1,2
8218,1,2
13144,1,2
9796,1,2
14366,1,2
3595,1,2
2694,1,2
996,1,2
3210,1,2
11770,1,2
28290,1,2
12858,1,2
23350,1,2
13613,1,2
14412,1,2
18176,1,2
5354,1,2
23763,1,2
17638,1,2
23575,1,2
15242,1,2
12708,1,2
23891,1,2
7801,1,2
6502,1,2
28751,1,2
9538,1,2
26581,1,2
10755,1,2
8544,1,2
28138,1,2
21796,1,2
1482,1,2
2445,1,2
4419,1,2
19722,1,2
17702,1,2
22551,1,2
27385,1,2
3102,1,2
28209,1,2
14867,1,2
17933,1,2
14546,1,2
19519,1,2
23504,1,2
5460,1,2
29327,1,2
5732,1,2
13355,1,2
24785,1,2
24830,1,2
8616,1,2
9378,1,2
3426,1,2
26168,1,2
5627,1,2
9626,1,2
15108,1,2
7379,1,2
24958,1,2
9986,1,2
9044,1,2
22327,1,2
5377,1,2
17896,1,2
27364,1,2
8145,1,2
14764,1,2
25740,1,2
10421,1,2
25357,1,2
24784,1,2
17227,1,2
11134,1,2
26109,1,2
20252,1,2
22188,1,2
24799,1,2
22050,1,2
22503,1,2
11482,1,2
1323,1,2
23652,1,2
6319,1,2
15364,1,2
24621,1,2
19570,1,2
26568,1,2
19774,1,2
10992,1,2
23492,1,2
503,1,2
10765,1,2
20683,1,2
9575,1,2
27726,1,2
25295,1,2
14229,1,2
9328,1,2
26945,1,2
19327,1,2
16074,1,2
12613,1,2
13252,1,2
29434,1,2
8471,1,2
12680,1,2
18223,1,2
29571,1,2
15452,1,2
18773,1,2
6202,1,2
21926,1,2
11253,1,2
13096,1,2
26849,1,2
1603,1,2
6095,1,2
18843,1,2
29314,1,2
9185,1,2
25317,1,2
21208,1,2
6865,1,2
29598,1,2
25609,1,2
1033,1,2
28241,1,2
22396,1,2
20001,1,2
26639,1,2
5337,1,2
20575,1,2
9162,1,2
12953,1,2
7606,1,2
3844,1,2
18740,1,2
25960,1,2
9358,1,2
13438,1,2
4689,1,2
20498,1,2
28790,1,2
11605,1,2
23363,1,2
14251,1,2
19369,1,2
1056,1,2
8768,1,2
5841,1,2
12471,1,2
1183,1,2
11818,1,2
21071,1,2
24380,1,2
4641,1,2
9831,1,2
1347,1,2
15729,1,2
27564,1,2
15687,1,2
28160,1,2
263,1,2
4393,1,2
23794,1,2
18726,1,2
27013,1,2
16367,1,2
10104,1,2
25714,1,2
29374,1,2
5312,1,2
22951,1,2
28029,1,2
21507,1,2
5094,1,2
150,1,2
3229,1,2
8318,1,2
20297,1,2
13819,1,2
7428,1,2
12378,1,2
10676,1,2
8105,1,2
18762,1,2
20572,1,2
25322,1,2
11840,1,2
20730,1,2
22233,1,2
29228,1,2
9048,1,2
18204,1,2
5511,1,2
20821,1,2
19428,1,2
13497,1,2
8407,1,2
19042,1,2
22684,1,2
17989,1,2
25596,1,2
28005,1,2
6281,1,2
5195,1,2
27574,1,2
4679,1,2
7889,1,2
23300,1,2
26682,1,2
24707,1,2
16804,1,2
13102,1,2
22405,1,2
24222,1,2
8242,1,2
6631,1,2
315,1,2
20320,1,2
15505,1,2
1915,1,2
17802,1,2
5706,1,2
22552,1,2
11316,1,2
24962,1,2
24079,1,2
26001,1,2
6892,1,2
24092,1,2
24344,1,2
24675,1,2
15579,1,2
2117,1,2
10405,1,2
2813,1,2
7510,1,2
26349,1,2
27000,1,2
11919,1,2
26647,1,2
290,1,2
17557,1,2
12981,1,2
16809,1,2
23351,1,2
23566,1,2
15777,1,2
2214,1,2
22179,1,2
6108,1,2
7363,1,2
875,1,2
5219,1,2
3993,1,2
23476,1,2
22981,1,2
14726,1,2
11358,1,2
9008,1,2
29210,1,2
9423,1,2
20930,1,2
5107,1,2
21498,1,2
29005,1,2
2588,1,2
22265,1,2
10210,1,2
15006,1,2
14189,1,2
8141,1,2
1729,1,2
22948,1,2
26305,1,2
29420,1,2
1387,1,2
8267,1,2
26670,1,2
17978,1,2
2375,1,2
13955,1,2
1133,1,2
14316,1,2
6899,1,2
28652,1,2
2592,1,2
14280,1,2
12850,1,2
9792,1,2
27035,1,2
2300,1,2
10132,1,2
5405,1,2
11359,1,2
7934,1,2
10018,1,2
15440,1,2
14117,1,2
25123,1,2
19004,1,2
11014,1,2
12958,1,2
26672,1,2
20479,1,2
2501,1,2
14972,1,2
20787,1,2
24141,1,2
26901,1,2
12422,1,2
23999,1,2
24816,1,2
20844,1,2
18927,1,2
16488,1,2
167,1,2
26970,1,2
11097,1,2
13962,1,2
1644,1,2
14483,1,2
2414,1,2
16539,1,2
4525,1,2
14810,1,2
3612,1,2
25582,1,2
24710,1,2
16758,1,2
2760,1,2
13387,1,2
25461,1,2
21009,1,2
9683,1,2
3503,1,2
247,1,2
15593,1,2
25903,1,2
24573,1,2
17571,1,2
450,1,2
487,1,2
19294,1,2
16349,1,2
5260,1,2
27015,1,2
13486,1,2
16552,1,2
25186,1,2
8042,1,2
12023,1,2
27226,1,2
29280,1,2
20373,1,2
1063,1,2
4449,1,2
21522,1,2
1114,1,2
13710,1,2
29116,1,2
16572,1,2
22885,1,2
21234,1,2
14066,1,2
3001,1,2
15190,1,2
16728,1,2
6112,1,2
4480,1,2
21117,1,2
8494,1,2
17581,1,2
1662,1,2
26929,1,2
28705,1,2
5455,1,2
22636,1,2
23586,1,2
17628,1,2
26528,1,2
14795,1,2
15278,1,2
21554,1,2
10670,1,2
16249,1,2
9642,1,2
20299,1,2
21244,1,2
20344,1,2
22269,1,2
24966,1,2
3197,1,2
5548,1,2
13106,1,2
19801,1,2
9841,1,2
20986,1,2
5971,1,2
8136,1,2
11903,1,2
1371,1,2
23861,1,2
17256,1,2
1106,1,2
18882,1,2
4026,1,2
9568,1,2
16918,1,2
720,1,2
28754,1,2
13164,1,2
5532,1,2
7930,1,2
20838,1,2
15862,1,2
5383,1,2
26889,1,2
1086,1,2
25930,1,2
8819,1,2
20290,1,2
27478,1,2
29461,1,2
23080,1,2
26249,1,2
29087,1,2
12711,1,2
17979,1,2
16599,1,2
19691,1,2
7752,1,2
17465,1,2
12912,1,2
8714,1,2
17443,1,2
2145,1,2
16657,1,2
26299,1,2
25590,1,2
20487,1,2
25105,1,2
20451,1,2
11832,1,2
1311,1,2
28086,1,2
5601,1,2
3608,1,2
28085,1,2
21784,1,2
13876,1,2
4375,1,2
4128,1,2
9598,1,2
2639,1,2
4036,1,2
20582,1,2
24004,1,2
23069,1,2
18128,1,2
5466,1,2
3035,1,2
601,1,2
23129,1,2
25463,1,2
8124,1,2
25624,1,2
7514,1,2
11955,1,2
29989,1,2
5662,1,2
21426,1,2
6663,1,2
409,1,2
6847,1,2
6352,1,2
16914,1,2
3350,1,2
13524,1,2
4152,1,2
24018,1,2
24447,1,2
23261,1,2
22697,1,2
5513,1,2
5621,1,2
11807,1,2
14734,1,2
27786,1,2
18332,1,2
221,1,2
7417,1,2
14813,1,2
10297,1,2
28939,1,2
10369,1,2
25550,1,2
5172,1,2
23956,1,2
24181,1,2
380,1,2
9253,1,2
649,1,2
11764,1,2
13974,1,2
7456,1,2
23452,1,2
1822,1,2
27383,1,2
17281,1,2
11686,1,2
21107,1,2
2152,1,2
12135,1,2
16891,1,2
607,1,2
3589,1,2
6198,1,2
18429,1,2
21154,1,2
8846,1,2
14960,1,2
23770,1,2
7886,1,2
29721,1,2
9112,1,2
18314,1,2
22231,1,2
23122,1,2
23534,1,2
22730,1,2
3421,1,2
10354,1,2
11852,1,2
18087,1,2
4252,1,2
26294,1,2
15541,1,2
23280,1,2
7794,1,2
12483,1,2
22435,1,2
11237,1,2
15865,1,2
14402,1,2
7841,1,2
19304,1,2
14177,1,2
27546,1,2
6390,1,2
21362,1,2
9542,1,2
11603,1,2
7488,1,2
231,1,2
3272,1,2
26279,1,2
14891,1,2
4902,1,2
9559,1,2
7955,1,2
7070,1,2
13141,1,2
14049,1,2
75,1,2
21841,1,2
5770,1,2
1108,1,2
26004,1,2
7745,1,2
2209,1,2
8255,1,2
2386,1,2
748,1,2
16287,1,2
25670,1,2
17203,1,2
19683,1,2
7467,1,2
2359,1,2
1599,1,2
476,1,2
25194,1,2
21294,1,2
11715,1,2
15459,1,2
4048,1,2
8474,1,2
22722,1,2
9527,1,2
11611,1,2
259,1,2
27911,1,2
18137,1,2
24764,1,2
13405,1,2
11617,1,2
23831,1,2
3537,1,2
7821,1,2
10063,1,2
16883,1,2
13837,1,2
25893,1,2
9960,1,2
29700,1,2
2701,1,2
26467,1,2
8628,1,2
4455,1,2
20886,1,2
22807,1,2
18664,1,2
9020,1,2
6557,1,2
9787,1,2
17526,1,2
28244,1,2
11125,1,2
6308,1,2
2619,1,2
3504,1,2
27403,1,2
19425,1,2
8743,1,2
8231,1,2
16263,1,2
1796,1,2
15085,1,2
18535,1,2
12766,1,2
12296,1,2
12341,1,2
16773,1,2
28775,1,2
14433,1,2
4685,1,2
26743,1,2
12978,1,2
8304,1,2
27152,1,2
4097,1,2
5883,1,2
17184,1,2
2740,1,2
25546,1,2
9632,1,2
18150,1,2
27110,1,2
8170,1,2
12362,1,2
20523,1,2
17971,1,2
8518,1,2
20077,1,2
20728,1,2
6604,1,2
28192,1,2
13719,1,2
20092,1,2
14492,1,2
8617,1,2
2864,1,2
16255,1,2
20210,1,2
19791,1,2
25858,1,2
20211,1,2
8332,1,2
22969,1,2
10597,1,2
3988,1,2
20780,1,2
2350,1,2
5754,1,2
14602,1,2
22613,1,2
9629,1,2
6453,1,2
15097,1,2
18865,1,2
15380,1,2
20490,1,2
6965,1,2
4003,1,2
9329,1,2
3002,1,2
13912,1,2
16036,1,2
734,1,2
25252,1,2
17211,1,2
28925,1,2
6625,1,2
14936,1,2
19813,1,2
11828,1,2
27346,1,2
24189,1,2
5665,1,2
4982,1,2
12994,1,2
14585,1,2
10311,1,2
21148,1,2
20496,1,2
4471,1,2
6596,1,2
6241,1,2
11259,1,2
6120,1,2
22624,1,2
10042,1,2
25018,1,2
15139,1,2
1580,1,2
26481,1,2
1911,1,2
7217,1,2
91,1,2
15292,1,2
188,1,2
9362,1,2
10859,1,2
7024,1,2
5477,1,2
20160,1,2
18374,1,2
321,1,2
13549,1,2
4740,1,2
22287,1,2
4291,1,2
21043,1,2
14321,1,2
194,1,2
2830,1,2
11904,1,2
25666,1,2
14712,1,2
2516,1,2
27951,1,2
15516,1,2
12887,1,2
29154,1,2
7325,1,2
28430,1,2
756,1,2
7251,1,2
7759,1,2
29656,1,2
26424,1,2
1747,1,2
12531,1,2
20386,1,2
1052,1,2
19842,1,2
2444,1,2
25738,1,2
11048,1,2
28599,1,2
16777,1,2
24732,1,2
13614,1,2
20921,1,2
11145,1,2
7136,1,2
19427,1,2
20440,1,2
4793,1,2
29158,1,2
19979,1,2
10563,1,2
14323,1,2
4730,1,2
29500,1,2
13346,1,2
7487,1,2
18858,1,2
14161,1,2
10890,1,2
3753,1,2
9473,1,2
15610,1,2
10011,1,2
27024,1,2
1808,1,2
17962,1,2
5038,1,2
16420,1,2
4814,1,2
24235,1,2
4416,1,2
6872,1,2
23582,1,2
25573,1,2
20631,1,2
28113,1,2
22795,1,2
22110,1,2
22995,1,2
2937,1,2
17128,1,2
19922,1,2
5216,1,2
6594,1,2
18399,1,2
15904,1,2
12833,1,2
15324,1,2
17980,1,2
3884,1,2
19876,1,2
18089,1,2
10865,1,2
16752,1,2
2769,1,2
24154,1,2
6726,1,2
26451,1,2
11478,1,2
11131,1,2
8457,1,2
12102,1,2
7753,1,2
11655,1,2
11947,1,2
19088,1,2
24638,1,2
19368,1,2
27926,1,2
19386,1,2
14148,1,2
16107,1,2
14564,1,2
17112,1,2
24050,1,2
6206,1,2
11487,1,2
18737,1,2
18720,1,2
16024,1,2
26703,1,2
16361,1,2
11830,1,2
22340,1,2
14569,1,2
16096,1,2
3082,1,2
26625,1,2
15137,1,2
10950,1,2
18507,1,2
23318,1,2
17,1,2
9607,1,2
27428,1,2
27052,1,2
18085,1,2
24017,1,2
13693,1,2
17210,1,2
18937,1,2
2435,1,2
21913,1,2
18543,1,2
27986,1,2
9098,1,2
18370,1,2
1493,1,2
2008,1,2
14582,1,2
5222,1,2
5227,1,2
17712,1,2
26509,1,2
11592,1,2
12904,1,2
2269,1,2
17435,1,2
22968,1,2
16431,1,2
1801,1,2
10373,1,2
15189,1,2
8416,1,2
10056,1,2
9251,1,2
10256,1,2
6921,1,2
26244,1,2
10911,1,2
1303,1,2
21099,1,2
24182,1,2
12555,1,2
24097,1,2
2734,1,2
24779,1,2
19332,1,2
23689,1,2
2546,1,2
5114,1,2
20040,1,2
12107,1,2
27959,1,2
4560,1,2
2195,1,2
6742,1,2
1703,1,2
17103,1,2
1290,1,2
16189,1,2
28495,1,2
7516,1,2
25587,1,2
24810,1,2
26352,1,2
11011,1,2
25256,1,2
4678,1,2
24349,1,2
13049,1,2
16745,1,2
5908,1,2
12396,1,2
16067,1,2
396,1,2
5864,1,2
9737,1,2
6778,1,2
25284,1,2
18355,1,2
27684,1,2
4110,1,2
12522,1,2
15279,1,2
8980,1,2
27062,1,2
12148,1,2
1595,1,2
13835,1,2
27176,1,2
7916,1,2
25844,1,2
26291,1,2
6138,1,2
20198,1,2
26864,1,2
25921,1,2
20191,1,2
24831,1,2
11057,1,2
29064,1,2
7668,1,2
14173,1,2
482,1,2
772,1,2
11021,1,2
22976,1,2
29109,1,2
25786,1,2
7839,1,2
7602,1,2
27205,1,2
17684,1,2
29128,1,2
17738,1,2
13836,1,2
5098,1,2
26913,1,2
2232,1,2
24572,1,2
17192,1,2
18883,1,2
26893,1,2
29209,1,2
2784,1,2
19371,1,2
8769,1,2
3581,1,2
23859,1,2
7974,1,2
21840,1,2
2319,1,2
21373,1,2
6745,1,2
20509,1,2
1807,1,2
9736,1,2
12332,1,2
21385,1,2
7822,1,2
17676,1,2
9758,1,2
8151,1,2
26651,1,2
11428,1,2
21836,1,2
18289,1,2
27947,1,2
19970,1,2
23316,1,2
3399,1,2
27823,1,2
3919,1,2
26773,1,2
20152,1,2
12027,1,2
25174,1,2
3214,1,2
15624,1,2
24369,1,2
16822,1,2
11568,1,2
25293,1,2
28674,1,2
8135,1,2
11869,1,2
18391,1,2
24969,1,2
3181,1,2
3757,1,2
28377,1,2
22898,1,2
17242,1,2
8213,1,2
9069,1,2
13816,1,2
9154,1,2
13371,1,2
16443,1,2
3616,1,2
18911,1,2
3541,1,2
10439,1,2
11535,1,2
1743,1,2
13488,1,2
10149,1,2
4950,1,2
9535,1,2
1675,1,2
14105,1,2
119,1,2
24918,1,2
25635,1,2
5047,1,2
4119,1,2
16860,1,2
23438,1,2
3986,1,2
22811,1,2
25771,1,2
13684,1,2
10483,1,2
15827,1,2
5382,1,2
8672,1,2
20679,1,2
22932,1,2
8048,1,2
3142,1,2
13950,1,2
27963,1,2
520,1,2
385,1,2
12111,1,2
28356,1,2
27606,1,2
28370,1,2
7542,1,2
18578,1,2
12428,1,2
20222,1,2
2449,1,2
27983,1,2
7104,1,2
25437,1,2
438,1,2
27131,1,2
5929,1,2
168,1,2
26980,1,2
6355,1,2
3978,1,2
24609,1,2
21232,1,2
26760,1,2
3609,1,2
9353,1,2
9124,1,2
4696,1,2
24899,1,2
28183,1,2
24684,1,2
681,1,2
12639,1,2
28876,1,2
6014,1,2
8575,1,2
27194,1,2
2135,1,2
13366,1,2
7305,1,2
16411,1,2
29097,1,2
17559,1,2
15267,1,2
459,1,2
25568,1,2
6169,1,2
15741,1,2
4371,1,2
28056,1,2
8337,1,2
24437,1,2
12035,1,2
21897,1,2
13726,1,2
29835,1,2
14044,1,2
1201,1,2
21382,1,2
22406,1,2
13166,1,2
24663,1,2
13725,1,2
2662,1,2
18947,1,2
10282,1,2
1978,1,2
7241,1,2
12667,1,2
20800,1,2
20675,1,2
7302,1,2
17163,1,2
28588,1,2
8557,1,2
7891,1,2
11866,1,2
19244,1,2
1940,1,2
28180,1,2
2528,1,2
2420,1,2
8374,1,2
16015,1,2
4106,1,2
13781,1,2
10645,1,2
29367,1,2
12227,1,2
13758,1,2
5393,1,2
4194,1,2
1075,1,2
22319,1,2
17670,1,2
7555,1,2
17838,1,2
1397,1,2
29244,1,2
19349,1,2
17710,1,2
28479,1,2
23178,1,2
14495,1,2
10963,1,2
836,1,2
11056,1,2
24143,1,2
14293,1,2
17083,1,2
27976,1,2
2020,1,2
22117,1,2
18900,1,2
14395,1,2
24379,1,2
6918,1,2
23982,1,2
9534,1,2
15983,1,2
16828,1,2
27393,1,2
20650,1,2
26560,1,2
21704,1,2
133,1,2
1334,1,2
24055,1,2
6779,1,2
7,1,2
4705,1,2
6672,1,2
26461,1,2
18506,1,2
24561,1,2
10545,1,2
22535,1,2
29610,1,2
20226,1,2
4715,1,2
9426,1,2
5181,1,2
21614,1,2
23422,1,2
12524,1,2
12694,1,2
18112,1,2
4085,1,2
24040,1,2
25910,1,2
4293,1,2
25555,1,2
27183,1,2
4223,1,2
16741,1,2
23980,1,2
13462,1,2
19048,1,2
12829,1,2
7094,1,2
8856,1,2
5584,1,2
8282,1,2
23817,1,2
13361,1,2
5053,1,2
4068,1,2
24493,1,2
28392,1,2
964,1,2
17395,1,2
15297,1,2
25532,1,2
27941,1,2
13916,1,2
14580,1,2
22311,1,2
9299,1,2
25737,1,2
11798,1,2
20458,1,2
23153,1,2
20261,1,2
9618,1,2
13326,1,2
10125,1,2
2173,1,2
26816,1,2
27849,1,2
14068,1,2
15322,1,2
7223,1,2
8510,1,2
8054,1,2
23372,1,2
5048,1,2
7091,1,2
18288,1,2
9707,1,2
22120,1,2
28042,1,2
14118,1,2
14268,1,2
3438,1,2
103,1,2
26335,1,2
29529,1,2
24432,1,2
4211,1,2
27780,1,2
25106,1,2
19034,1,2
14938,1,2
828,1,2
9653,1,2
20907,1,2
23374,1,2
5211,1,2
15609,1,2
22289,1,2
27982,1,2
29712,1,2
19202,1,2
29149,1,2
2434,1,2
24545,1,2
23887,1,2
22411,1,2
7908,1,2
17366,1,2
11747,1,2
13069,1,2
15944,1,2
20078,1,2
26141,1,2
3366,1,2
16461,1,2
19571,1,2
21530,1,2
20965,1,2
17605,1,2
13059,1,2
10829,1,2
26368,1,2
8615,1,2
24916,1,2
26336,1,2
15311,1,2
14656,1,2
4879,1,2
12068,1,2
9089,1,2
4202,1,2
27744,1,2
25082,1,2
25474,1,2
8373,1,2
25902,1,2
18226,1,2
15466,1,2
13019,1,2
2030,1,2
19620,1,2
10175,1,2
6379,1,2
5174,1,2
28487,1,2
23581,1,2
12608,1,2
28182,1,2
13820,1,2
2225,1,2
21024,1,2
25277,1,2
22872,1,2
21818,1,2
29653,1,2
16649,1,2
14784,1,2
26793,1,2
19743,1,2
3328,1,2
11567,1,2
22060,1,2
19075,1,2
12860,1,2
12384,1,2
18962,1,2
29629,1,2
27438,1,2
4043,1,2
11680,1,2
16632,1,2
8900,1,2
20007,1,2
24667,1,2
478,1,2
22825,1,2
18568,1,2
3461,1,2
22883,1,2
26910,1,2
6091,1,2
14762,1,2
20140,1,2
15375,1,2
20115,1,2
22035,1,2
29354,1,2
25166,1,2
13924,1,2
7585,1,2
647,1,2
970,1,2
4258,1,2
15968,1,2
7698,1,2
20599,1,2
19358,1,2
20196,1,2
29775,1,2
22023,1,2
24695,1,2
22378,1,2
1009,1,2
7924,1,2
15446,1,2
4306,1,2
29837,1,2
4015,1,2
4101,1,2
14014,1,2
12094,1,2
18493,1,2
3226,1,2
326,1,2
14012,1,2
19986,1,2
26673,1,2
11928,1,2
4990,1,2
29455,1,2
10324,1,2
6612,1,2
9267,1,2
19849,1,2
2194,1,2
4745,1,2
23302,1,2
10549,1,2
29581,1,2
8867,1,2
28952,1,2
7090,1,2
25451,1,2
23860,1,2
21198,1,2
4774,1,2
25447,1,2
18871,1,2
15621,1,2
23240,1,2
28437,1,2
29023,1,2
20623,1,2
6399,1,2
5117,1,2
18398,1,2
23573,1,2
16305,1,2
16723,1,2
20378,1,2
17767,1,2
21489,1,2
17467,1,2
2748,1,2
13351,1,2
8403,1,2
24130,1,2
14475,1,2
1006,1,2
5561,1,2
21135,1,2
3942,1,2
26797,1,2
10823,1,2
20535,1,2
11195,1,2
18906,1,2
12825,1,2
7178,1,2
27382,1,2
11266,1,2
23235,1,2
134,1,2
26804,1,2
19313,1,2
19140,1,2
16591,1,2
3351,1,2
21332,1,2
3200,1,2
11598,1,2
13748,1,2
24110,1,2
10904,1,2
10356,1,2
6802,1,2
7739,1,2
22307,1,2
27335,1,2
29063,1,2
28064,1,2
316,1,2
146,1,2
9804,1,2
21265,1,2
14791,1,2
17782,1,2
25954,1,2
5803,1,2
10098,1,2
26671,1,2
9406,1,2
9295,1,2
9666,1,2
6341,1,2
16144,1,2
8604,1,2
25349,1,2
819,1,2
4463,1,2
10260,1,2
9658,1,2
3486,1,2
10557,1,2
25993,1,2
24891,1,2
8688,1,2
24252,1,2
14603,1,2
7220,1,2
3111,1,2
8517,1,2
18006,1,2
17984,1,2
8140,1,2
21078,1,2
19017,1,2
14197,1,2
2495,1,2
16606,1,2
14315,1,2
5940,1,2
8188,1,2
2505,1,2
23301,1,2
23530,1,2
23378,1,2
9163,1,2
23825,1,2
16113,1,2
13181,1,2
12900,1,2
22172,1,2
25297,1,2
21553,1,2
27053,1,2
15817,1,2
25759,1,2
21058,1,2
14865,1,2
11216,1,2
1011,1,2
15953,1,2
14061,1,2
17875,1,2
8643,1,2
1034,1,2
6887,1,2
2270,1,2
696,1,2
21298,1,2
11229,1,2
3704,1,2
12024,1,2
23801,1,2
1451,1,2
15397,1,2
9826,1,2
7497,1,2
2790,1,2
9125,1,2
3305,1,2
5516,1,2
18750,1,2
27375,1,2
12902,1,2
23163,1,2
13756,1,2
28030,1,2
27374,1,2
9739,1,2
10347,1,2
28124,1,2
25319,1,2
22659,1,2
12461,1,2
15555,1,2
1888,1,2
22154,1,2
22397,1,2
9849,1,2
5550,1,2
27273,1,2
19930,1,2
25381,1,2
5685,1,2
1413,1,2
20962,1,2
1562,1,2
7346,1,2
25818,1,2
4684,1,2
26579,1,2
8139,1,2
5259,1,2
29215,1,2
3623,1,2
12754,1,2
16095,1,2
24423,1,2
19737,1,2
180,1,2
17664,1,2
27828,1,2
18208,1,2
22242,1,2
13744,1,2
5589,1,2
469,1,2
29079,1,2
29533,1,2
2166,1,2
1027,1,2
11180,1,2
8570,1,2
1423,1,2
14861,1,2
18692,1,2
13321,1,2
6912,1,2
8393,1,2
18236,1,2
10228,1,2
29577,1,2
22952,1,2
13793,1,2
1192,1,2
26360,1,2
22661,1,2
23643,1,2
28279,1,2
5880,1,2
4157,1,2
2559,1,2
13365,1,2
22855,1,2
26135,1,2
17583,1,2
3734,1,2
13827,1,2
17390,1,2
18599,1,2
29556,1,2
22773,1,2
3860,1,2
5879,1,2
27069,1,2
22111,1,2
2604,1,2
22371,1,2
5102,1,2
13599,1,2
1297,1,2
13572,1,2
21203,1,2
635,1,2
9440,1,2
24811,1,2
11945,1,2
22863,1,2
7191,1,2
7474,1,2
29605,1,2
19350,1,2
21404,1,2
4859,1,2
15067,1,2
20135,1,2
12162,1,2
7438,1,2
11839,1,2
25023,1,2
11020,1,2
27531,1,2
7306,1,2
13220,1,2
4059,1,2
23898,1,2
15019,1,2
23382,1,2
3126,1,2
16358,1,2
11817,1,2
9645,1,2
8340,1,2
24537,1,2
29,1,2
18831,1,2
18747,1,2
15974,1,2
12864,1,2
21187,1,2
3362,1,2
11124,1,2
19980,1,2
9040,1,2
3668,1,2
10820,1,2
26700,1,2
4345,1,2
19504,1,2
2644,1,2
18280,1,2
29750,1,2
1869,1,2
25757,1,2
960,1,2
984,1,2
25063,1,2
6434,1,2
27551,1,2
29891,1,2
19319,1,2
24655,1,2
13000,1,2
26154,1,2
28928,1,2
13251,1,2
13416,1,2
15382,1,2
21156,1,2
28765,1,2
24010,1,2
16795,1,2
4387,1,2
7671,1,2
9149,1,2
13582,1,2
2981,1,2
3202,1,2
20228,1,2
25223,1,2
15631,1,2
14360,1,2
8477,1,2
1259,1,2
10463,1,2
8944,1,2
12513,1,2
5729,1,2
11746,1,2
11081,1,2
12933,1,2
15626,1,2
29331,1,2
15730,1,2
12093,1,2
10469,1,2
5194,1,2
4057,1,2
22094,1,2
9685,1,2
9159,1,2
28163,1,2
7161,1,2
20209,1,2
16430,1,2
16769,1,2
22374,1,2
22719,1,2
16951,1,2
14637,1,2
25014,1,2
1429,1,2
17620,1,2
12189,1,2
25640,1,2
26378,1,2
3502,1,2
5514,1,2
9870,1,2
27221,1,2
1563,1,2
21317,1,2
24365,1,2
6983,1,2
4400,1,2
8692,1,2
27892,1,2
12725,1,2
17527,1,2
28960,1,2
12291,1,2
28127,1,2
25564,1,2
1611,1,2
27931,1,2
15697,1,2
8344,1,2
15071,1,2
18116,1,2
10742,1,2
8119,1,2
24066,1,2
14428,1,2
16736,1,2
9273,1,2
12517,1,2
17403,1,2
1514,1,2
9753,1,2
20941,1,2
4010,1,2
18552,1,2
139,1,2
29540,1,2
10316,1,2
26828,1,2
12535,1,2
19973,1,2
29221,1,2
2254,1,2
17394,1,2
18940,1,2
26978,1,2
23699,1,2
6504,1,2
23998,1,2
25625,1,2
8880,1,2
19346,1,2
3418,1,2
5687,1,2
27971,1,2
20415,1,2
25572,1,2
17239,1,2
21297,1,2
13082,1,2
4824,1,2
3686,1,2
7757,1,2
19833,1,2
10193,1,2
20465,1,2
2290,1,2
4472,1,2
5478,1,2
19207,1,2
17311,1,2
24923,1,2
10624,1,2
27338,1,2
27904,1,2
4153,1,2
29324,1,2
208,1,2
29620,1,2
12795,1,2
15684,1,2
23057,1,2
2605,1,2
14143,1,2
2587,1,2
6662,1,2
18494,1,2
13408,1,2
16162,1,2
28748,1,2
11038,1,2
22460,1,2
24671,1,2
13267,1,2
27201,1,2
2870,1,2
21434,1,2
7571,1,2
22442,1,2
10290,1,2
27022,1,2
20912,1,2
21047,1,2
2905,1,2
22946,1,2
2702,1,2
6072,1,2
24137,1,2
22675,1,2
2351,1,2
12361,1,2
11642,1,2
16492,1,2
12114,1,2
1751,1,2
2299,1,2
14272,1,2
5775,1,2
14185,1,2
7628,1,2
12022,1,2
17477,1,2
15376,1,2
16922,1,2
24551,1,2
1640,1,2
15443,1,2
24368,1,2
15550,1,2
2492,1,2
24607,1,2
5317,1,2
22494,1,2
16985,1,2
28620,1,2
12784,1,2
29879,1,2
6720,1,2
6280,1,2
22354,1,2
17097,1,2
20090,1,2
20807,1,2
20971,1,2
20948,1,2
19339,1,2
19752,1,2
26686,1,2
5032,1,2
26515,1,2
3110,1,2
17679,1,2
13981,1,2
23653,1,2
25618,1,2
11809,1,2
22322,1,2
6803,1,2
23107,1,2
25675,1,2
6442,1,2
24835,1,2
25353,1,2
29920,1,2
2210,1,2
14144,1,2
23108,1,2
25703,1,2
29171,1,2
21753,1,2
251,1,2
22941,1,2
618,1,2
17090,1,2
6362,1,2
24680,1,2
28329,1,2
15874,1,2
22653,1,2
25721,1,2
21403,1,2
8765,1,2
19011,1,2
29152,1,2
8270,1,2
18488,1,2
8336,1,2
5403,1,2
12729,1,2
1474,1,2
10540,1,2
15473,1,2
17934,1,2
13469,1,2
10372,1,2
9070,1,2
1713,1,2
19999,1,2
3995,1,2
465,1,2
20533,1,2
19455,1,2
26407,1,2
708,1,2
22373,1,2
21358,1,2
21069,1,2
7907,1,2
1256,1,2
15705,1,2
4716,1,2
13002,1,2
6418,1,2
24292,1,2
21319,1,2
12347,1,2
23684,1,2
16490,1,2
8293,1,2
2554,1,2
11897,1,2
16164,1,2
1338,1,2
27668,1,2
24721,1,2
19126,1,2
25203,1,2
24116,1,2
25019,1,2
5365,1,2
10722,1,2
6676,1,2
23257,1,2
16614,1,2
10339,1,2
18253,1,2
2865,1,2
16975,1,2
21597,1,2
29273,1,2
3836,1,2
29036,1,2
19565,1,2
18145,1,2
4122,1,2
21092,1,2
683,1,2
16037,1,2
26463,1,2
17681,1,2
1291,1,2
19434,1,2
19575,1,2
15573,1,2
21108,1,2
16798,1,2
14528,1,2
7047,1,2
10370,1,2
25855,1,2
10475,1,2
14464,1,2
19022,1,2
26610,1,2
29930,1,2
29795,1,2
22201,1,2
26552,1,2
18245,1,2
27891,1,2
7348,1,2
25148,1,2
5474,1,2
6760,1,2
9410,1,2
8500,1,2
15353,1,2
8971,1,2
14171,1,2
1383,1,2
15337,1,2
2441,1,2
22032,1,2
22563,1,2
21835,1,2
14881,1,2
20553,1,2
21941,1,2
13540,1,2
24069,1,2
18659,1,2
8099,1,2
27608,1,2
11379,1,2
23186,1,2
16853,1,2
20905,1,2
5525,1,2
21169,1,2
17171,1,2
28918,1,2
431,1,2
11985,1,2
14854,1,2
27678,1,2
2751,1,2
21491,1,2
12451,1,2
6235,1,2
29614,1,2
1866,1,2
9027,1,2
7294,1,2
124,1,2
451,1,2
28296,1,2
1606,1,2
17075,1,2
14969,1,2
23036,1,2
14217,1,2
29197,1,2
14514,1,2
29977,1,2
15885,1,2
6753,1,2
15013,1,2
14476,1,2
24435,1,2
25236,1,2
6377,1,2
22873,1,2
8094,1,2
21618,1,2
12290,1,2
19658,1,2
26158,1,2
19200,1,2
24980,1,2
13044,1,2
2081,1,2
15260,1,2
23879,1,2
20051,1,2
18430,1,2
6419,1,2
170,1,2
26493,1,2
11044,1,2
13702,1,2
2090,1,2
15236,1,2
8358,1,2
24434,1,2
24656,1,2
7880,1,2
11007,1,2
7469,1,2
24162,1,2
8952,1,2
11399,1,2
10091,1,2
23594,1,2
6498,1,2
27524,1,2
14733,1,2
21576,1,2
17037,1,2
3509,1,2
7640,1,2
25386,1,2
12678,1,2
12930,1,2
22383,1,2
19779,1,2
17518,1,2
5998,1,2
3,1,2
15569,1,2
1632,1,2
18115,1,2
22959,1,2
7569,1,2
17036,1,2
24875,1,2
16445,1,2
27154,1,2
3393,1,2
18760,1,2
466,1,2
10054,1,2
19421,1,2
11909,1,2
29046,1,2
23992,1,2
9807,1,2
19000,1,2
4338,1,2
10580,1,2
17328,1,2
22584,1,2
3628,1,2
7793,1,2
17689,1,2
10206,1,2
22156,1,2
15365,1,2
12157,1,2
5676,1,2
11034,1,2
15914,1,2
28844,1,2
22923,1,2
24228,1,2
8540,1,2
20841,1,2
7092,1,2
27224,1,2
20472,1,2
28676,1,2
8914,1,2
844,1,2
24257,1,2
16594,1,2
16496,1,2
10030,1,2
17941,1,2
7665,1,2
6503,1,2
3397,1,2
25366,1,2
1398,1,2
8101,1,2
4217,1,2
28266,1,2
26266,1,2
7481,1,2
10322,1,2
13791,1,2
11508,1,2
16207,1,2
24563,1,2
8932,1,2
795,1,2
8021,1,2
22166,1,2
7922,1,2
19027,1,2
23995,1,2
29460,1,2
6746,1,2
25688,1,2
6366,1,2
23294,1,2
28043,1,2
24628,1,2
23158,1,2
20511,1,2
9014,1,2
24913,1,2
19599,1,2
22076,1,2
16417,1,2
10989,1,2
16424,1,2
11117,1,2
24108,1,2
26032,1,2
4335,1,2
13953,1,2
4550,1,2
9897,1,2
3693,1,2
17155,1,2
8193,1,2
27549,1,2
20138,1,2
10329,1,2
21324,1,2
11398,1,2
14975,1,2
4610,1,2
14664,1,2
21193,1,2
21752,1,2
25327,1,2
28728,1,2
8729,1,2
28014,1,2
7650,1,2
4201,1,2
4191,1,2
11812,1,2
11449,1,2
9291,1,2
29979,1,2
8796,1,2
11827,1,2
3784,1,2
9676,1,2
11132,1,2
22558,1,2
9571,1,2
25778,1,2
26544,1,2
22533,1,2
12017,1,2
22690,1,2
26564,1,2
6517,1,2
5359,1,2
2909,1,2
14875,1,2
11389,1,2
21831,1,2
3416,1,2
21678,1,2
27163,1,2
28921,1,2
21764,1,2
11178,1,2
14601,1,2
759,1,2
21200,1,2
7102,1,2
24920,1,2
1788,1,2
27545,1,2
26637,1,2
22155,1,2
23304,1,2
1350,1,2
14627,1,2
19408,1,2
24389,1,2
8622,1,2
25750,1,2
15991,1,2
19762,1,2
8316,1,2
26713,1,2
27898,1,2
2361,1,2
1402,1,2
25083,1,2
26890,1,2
15081,1,2
12723,1,2
17415,1,2
21703,1,2
25641,1,2
6424,1,2
70,1,2
5507,1,2
18364,1,2
27623,1,2
1879,1,2
8288,1,2
21406,1,2
14741,1,2
21155,1,2
26080,1,2
10543,1,2
19269,1,2
4558,1,2
18411,1,2
23777,1,2
22479,1,2
5503,1,2
2206,1,2
1809,1,2
24279,1,2
16757,1,2
28139,1,2
28213,1,2
5099,1,2
17054,1,2
29701,1,2
2442,1,2
26268,1,2
13987,1,2
5123,1,2
2220,1,2
6245,1,2
18347,1,2
222,1,2
12137,1,2
655,1,2
17084,1,2
23209,1,2
19682,1,2
9237,1,2
322,1,2
9997,1,2
13784,1,2
7784,1,2
5144,1,2
14920,1,2
21933,1,2
9375,1,2
8478,1,2
29709,1,2
17080,1,2
15144,1,2
6010,1,2
13449,1,2
9891,1,2
6455,1,2
5731,1,2
369,1,2
20848,1,2
22820,1,2
4121,1,2
23949,1,2
8241,1,2
16073,1,2
25656,1,2
22414,1,2
9086,1,2
26948,1,2
1131,1,2
2265,1,2
6137,1,2
28833,1,2
5306,1,2
373,1,2
4528,1,2
9469,1,2
22364,1,2
10646,1,2
25917,1,2
26313,1,2
8647,1,2
14304,1,2
20762,1,2
28819,1,2
5638,1,2
2075,1,2
14432,1,2
21471,1,2
27519,1,2
5963,1,2
27735,1,2
2916,1,2
12216,1,2
1418,1,2
13215,1,2
12939,1,2
11679,1,2
16839,1,2
26519,1,2
9920,1,2
27565,1,2
25050,1,2
18206,1,2
28345,1,2
115,1,2
10035,1,2
20499,1,2
24705,1,2
22177,1,2
21401,1,2
17554,1,2
22280,1,2
10422,1,2
22916,1,2
28934,1,2
7063,1,2
17460,1,2
24608,1,2
21274,1,2
22942,1,2
20576,1,2
1554,1,2
16384,1,2
29740,1,2
25655,1,2
18577,1,2
21202,1,2
23975,1,2
22257,1,2
6263,1,2
88,1,2
18387,1,2
21920,1,2
8960,1,2
14577,1,2
19237,1,2
16145,1,2
3070,1,2
8895,1,2
26832,1,2
15276,1,2
15105,1,2
21262,1,2
14001,1,2
12088,1,2
16899,1,2
18457,1,2
24391,1,2
776,1,2
17825,1,2
17884,1,2
14452,1,2
939,1,2
10397,1,2
14822,1,2
12292,1,2
25748,1,2
12037,1,2
19249,1,2
4397,1,2
12351,1,2
611,1,2
30,1,2
24992,1,2
25488,1,2
5043,1,2
3056,1,2
7172,1,2
7917,1,2
2174,1,2
12539,1,2
26142,1,2
2984,1,2
2207,1,2
547,1,2
16613,1,2
11275,1,2
18012,1,2
945,1,2
26819,1,2
24449,1,2
10468,1,2
13982,1,2
12309,1,2
8835,1,2
29804,1,2
3352,1,2
24439,1,2
1680,1,2
25776,1,2
1557,1,2
18318,1,2
10711,1,2
5863,1,2
12568,1,2
7729,1,2
19534,1,2
2698,1,2
4199,1,2
21755,1,2
29409,1,2
24613,1,2
5653,1,2
14048,1,2
20486,1,2
15829,1,2
23339,1,2
22445,1,2
8596,1,2
3732,1,2
17626,1,2
14608,1,2
1719,1,2
16730,1,2
18220,1,2
13530,1,2
26934,1,2
8781,1,2
18439,1,2
3113,1,2
10285,1,2
28747,1,2
1498,1,2
18796,1,2
28354,1,2
28013,1,2
9298,1,2
15075,1,2
22001,1,2
14807,1,2
1497,1,2
27493,1,2
29599,1,2
18104,1,2
27914,1,2
26302,1,2
21012,1,2
3296,1,2
13559,1,2
11661,1,2
27927,1,2
18582,1,2
21896,1,2
22819,1,2
12538,1,2
563,1,2
5345,1,2
17365,1,2
12086,1,2
24399,1,2
5290,1,2
23290,1,2
1873,1,2
13263,1,2
19248,1,2
29208,1,2
25692,1,2
18447,1,2
14827,1,2
8665,1,2
6133,1,2
18356,1,2
13692,1,2
26886,1,2
25726,1,2
9090,1,2
14421,1,2
29088,1,2
349,1,2
1687,1,2
1355,1,2
20506,1,2
20678,1,2
9939,1,2
789,1,2
688,1,2
23105,1,2
9756,1,2
26504,1,2
3529,1,2
14942,1,2
26624,1,2
5683,1,2
14954,1,2
14359,1,2
19305,1,2
13153,1,2
11806,1,2
29281,1,2
22723,1,2
26986,1,2
2766,1,2
19470,1,2
2026,1,2
20197,1,2
1527,1,2
23204,1,2
29673,1,2
13594,1,2
2703,1,2
5187,1,2
25528,1,2
27014,1,2
18083,1,2
14491,1,2
23875,1,2
6708,1,2
29252,1,2
10562,1,2
9296,1,2
16228,1,2
22091,1,2
29914,1,2
10719,1,2
17407,1,2
25429,1,2
5910,1,2
22735,1,2
16341,1,2
24535,1,2
4424,1,2
10927,1,2
25146,1,2
25084,1,2
12636,1,2
26620,1,2
6179,1,2
16793,1,2
13701,1,2
10007,1,2
12988,1,2
5554,1,2
4189,1,2
20859,1,2
14015,1,2
19958,1,2
8132,1,2
3739,1,2
26271,1,2
13553,1,2
9509,1,2
19746,1,2
6759,1,2
8459,1,2
28342,1,2
26149,1,2
9068,1,2
24464,1,2
6550,1,2
6178,1,2
11227,1,2
12956,1,2
17324,1,2
2710,1,2
25037,1,2
16495,1,2
2684,1,2
1393,1,2
20397,1,2
2226,1,2
2534,1,2
10868,1,2
3336,1,2
13678,1,2
27150,1,2
29509,1,2
14876,1,2
17279,1,2
24773,1,2
19444,1,2
5663,1,2
8992,1,2
907,1,2
3899,1,2
18041,1,2
18005,1,2
10919,1,2
3617,1,2
13474,1,2
24236,1,2
8890,1,2
21525,1,2
19227,1,2
8010,1,2
29649,1,2
8248,1,2
14526,1,2
2727,1,2
17404,1,2
1604,1,2
24238,1,2
4564,1,2
28280,1,2
7733,1,2
25806,1,2
2412,1,2
25160,1,2
21947,1,2
29241,1,2
3274,1,2
6020,1,2
7656,1,2
2425,1,2
28760,1,2
27379,1,2
14355,1,2
25405,1,2
28504,1,2
17762,1,2
14778,1,2
14041,1,2
29362,1,2
20879,1,2
6777,1,2
15341,1,2
11732,1,2
18744,1,2
24536,1,2
13633,1,2
21519,1,2
2873,1,2
17693,1,2
26595,1,2
13442,1,2
11902,1,2
3315,1,2
25678,1,2
606,1,2
10227,1,2
11778,1,2
12624,1,2
18857,1,2
14943,1,2
12553,1,2
7747,1,2
856,1,2
1926,1,2
13909,1,2
15521,1,2
26917,1,2
18615,1,2
28485,1,2
6804,1,2
8489,1,2
7117,1,2
17250,1,2
23765,1,2
9233,1,2
44,1,2
2812,1,2
25985,1,2
22104,1,2
9464,1,2
29497,1,2
15532,1,2
359,1,2
11783,1,2
20248,1,2
18516,1,2
16764,1,2
11960,1,2
19061,1,2
18406,1,2
585,1,2
4978,1,2
22955,1,2
6435,1,2
26582,1,2
9614,1,2
14200,1,2
9558,1,2
29122,1,2
200,1,2
29253,1,2
4563,1,2
16324,1,2
17870,1,2
27259,1,2
2051,1,2
6293,1,2
26505,1,2
22011,1,2
22532,1,2
26619,1,2
28275,1,2
4825,1,2
3533,1,2
7627,1,2
19834,1,2
2264,1,2
1232,1,2
16816,1,2
26874,1,2
20722,1,2
28278,1,2
27431,1,2
3926,1,2
2536,1,2
5597,1,2
18958,1,2
24406,1,2
12943,1,2
25355,1,2
17765,1,2
29277,1,2
6535,1,2
7401,1,2
21509,1,2
24746,1,2
7007,1,2
24542,1,2
28443,1,2
11393,1,2
4072,1,2
18527,1,2
9977,1,2
11836,1,2
26635,1,2
1065,1,2
28983,1,2
2855,1,2
27694,1,2
25779,1,2
376,1,2
29040,1,2
23527,1,2
16008,1,2
27358,1,2
833,1,2
18638,1,2
21215,1,2
21194,1,2
5050,1,2
14524,1,2
7168,1,2
23955,1,2
21502,1,2
11558,1,2
15703,1,2
16845,1,2
3073,1,2
6275,1,2
2527,1,2
8504,1,2
4954,1,2
27500,1,2
11029,1,2
6698,1,2
20798,1,2
24411,1,2
5001,1,2
12408,1,2
14073,1,2
4724,1,2
6994,1,2
28971,1,2
9405,1,2
7508,1,2
69,1,2
17691,1,2
1739,1,2
22849,1,2
23464,1,2
17531,1,2
16787,1,2
22304,1,2
23306,1,2
11270,1,2
16340,1,2
227,1,2
14234,1,2
9209,1,2
14860,1,2
12065,1,2
1864,1,2
11071,1,2
20831,1,2
3429,1,2
8919,1,2
5191,1,2
21201,1,2
1812,1,2
9073,1,2
383,1,2
14383,1,2
729,1,2
313,1,2
18618,1,2
14544,1,2
10168,1,2
2826,1,2
29698,1,2
22498,1,2
5673,1,2
5262,1,2
3059,1,2
17074,1,2
25177,1,2
6711,1,2
17621,1,2
12645,1,2
4044,1,2
25209,1,2
9279,1,2
12960,1,2
3994,1,2
8823,1,2
14578,1,2
12014,1,2
20913,1,2
26034,1,2
9668,1,2
2897,1,2
11243,1,2
24184,1,2
29648,1,2
725,1,2
4618,1,2
5407,1,2
29770,1,2
6920,1,2
9276,1,2
11550,1,2
9563,1,2
8372,1,2
4447,1,2
7713,1,2
15933,1,2
7811,1,2
5826,1,2
9750,1,2
23632,1,2
620,1,2
15533,1,2
27295,1,2
9254,1,2
16739,1,2
26897,1,2
17473,1,2
17003,1,2
6025,1,2
5418,1,2
6494,1,2
12630,1,2
1977,1,2
24898,1,2
20433,1,2
28347,1,2
21711,1,2
28977,1,2
7751,1,2
10834,1,2
28719,1,2
16734,1,2
14880,1,2
20687,1,2
26475,1,2
7724,1,2
27386,1,2
16134,1,2
29945,1,2
2815,1,2
16647,1,2
21380,1,2
2782,1,2
25217,1,2
7258,1,2
27423,1,2
5528,1,2
2512,1,2
12277,1,2
12918,1,2
23175,1,2
18144,1,2
22434,1,2
28946,1,2
20362,1,2
9284,1,2
21161,1,2
24956,1,2
54,1,2
18053,1,2
19192,1,2
15176,1,2
3463,1,2
6706,1,2
15041,1,2
13761,1,2
2847,1,2
5485,1,2
16551,1,2
10877,1,2
14979,1,2
28820,1,2
4032,1,2
26138,1,2
25423,1,2
29392,1,2
5070,1,2
24595,1,2
2859,1,2
13495,1,2
28382,1,2
898,1,2
12747,1,2
25483,1,2
1722,1,2
15943,1,2
25438,1,2
27617,1,2
20818,1,2
16882,1,2
13590,1,2
3737,1,2
7828,1,2
19514,1,2
29216,1,2
10696,1,2
14378,1,2
7152,1,2
20944,1,2
27164,1,2
20601,1,2
24979,1,2
19693,1,2
913,1,2
21694,1,2
16098,1,2
28287,1,2
17999,1,2
23313,1,2
13243,1,2
20555,1,2
25999,1,2
9779,1,2
15727,1,2
28785,1,2
26563,1,2
28410,1,2
18183,1,2
23784,1,2
4970,1,2
20729,1,2
15798,1,2
25877,1,2
8454,1,2
28786,1,2
6842,1,2
26366,1,2
15816,1,2
20834,1,2
6913,1,2
2095,1,2
7986,1,2
18916,1,2
6290,1,2
19437,1,2
18902,1,2
15102,1,2
29711,1,2
17441,1,2
2245,1,2
26628,1,2
3938,1,2
1153,1,2
12484,1,2
26888,1,2
1084,1,2
3505,1,2
11499,1,2
14273,1,2
24046,1,2
25260,1,2
27318,1,2
19353,1,2
15363,1,2
25665,1,2
4489,1,2
23331,1,2
7609,1,2
27599,1,2
29042,1,2
5076,1,2
3826,1,2
11501,1,2
14338,1,2
16952,1,2
4305,1,2
25318,1,2
1880,1,2
13604,1,2
26210,1,2
8025,1,2
3921,1,2
2998,1,2
2707,1,2
24478,1,2
24652,1,2
10454,1,2
27361,1,2
16597,1,2
4966,1,2
18823,1,2
6285,1,2
4547,1,2
21256,1,2
27206,1,2
12923,1,2
9905,1,2
17574,1,2
3302,1,2
23357,1,2
29438,1,2
21892,1,2
24888,1,2
3974,1,2
24994,1,2
16970,1,2
14094,1,2
1328,1,2
19050,1,2
6619,1,2
28828,1,2
21027,1,2
1318,1,2
1775,1,2
12416,1,2
16763,1,2
7949,1,2
26549,1,2
5508,1,2
12868,1,2
27940,1,2
11507,1,2
3877,1,2
29347,1,2
5493,1,2
12403,1,2
2001,1,2
10497,1,2
27351,1,2
311,1,2
20272,1,2
57,1,2
1631,1,2
13505,1,2
19628,1,2
19676,1,2
15846,1,2
1534,1,2
18644,1,2
5420,1,2
12169,1,2
16909,1,2
15884,1,2
29053,1,2
22813,1,2
25257,1,2
1280,1,2
28949,1,2
27558,1,2
20048,1,2
5165,1,2
21789,1,2
24653,1,2
21328,1,2
9913,1,2
12079,1,2
6890,1,2
5934,1,2
4510,1,2
23635,1,2
4286,1,2
884,1,2
11325,1,2
15094,1,2
13094,1,2
8355,1,2
542,1,2
28364,1,2
4418,1,2
26081,1,2
27753,1,2
4226,1,2
1862,1,2
4836,1,2
1272,1,2
20970,1,2
29041,1,2
28015,1,2
2838,1,2
735,1,2
24243,1,2
25130,1,2
15002,1,2
11342,1,2
15435,1,2
1521,1,2
10520,1,2
15782,1,2
18926,1,2
24922,1,2
14987,1,2
21516,1,2
18716,1,2
8246,1,2
15283,1,2
5013,1,2
28361,1,2
16487,1,2
2645,1,2
15854,1,2
24686,1,2
5708,1,2
28927,1,2
3248,1,2
24361,1,2
2736,1,2
25213,1,2
4388,1,2
22017,1,2
23062,1,2
21252,1,2
11129,1,2
9373,1,2
29189,1,2
1188,1,2
21483,1,2
327,1,2
29986,1,2
19306,1,2
2582,1,2
17108,1,2
2028,1,2
18662,1,2
20016,1,2
27873,1,2
21131,1,2
9138,1,2
17746,1,2
826,1,2
4847,1,2
3930,1,2
13578,1,2
8051,1,2
4064,1,2
18210,1,2
356,1,2
17020,1,2
22036,1,2
16989,1,2
10166,1,2
24865,1,2
19617,1,2
9801,1,2
29906,1,2
24787,1,2
7341,1,2
8079,1,2
22961,1,2
2115,1,2
20050,1,2
3879,1,2
8040,1,2
24498,1,2
16225,1,2
19725,1,2
8687,1,2
22090,1,2
6048,1,2
6650,1,2
6964,1,2
17872,1,2
25142,1,2
1356,1,2
18075,1,2
29142,1,2
4973,1,2
2252,1,2
23033,1,2
29877,1,2
2789,1,2
3953,1,2
16563,1,2
2085,1,2
8815,1,2
29495,1,2
25192,1,2
17236,1,2
26306,1,2
16813,1,2
8158,1,2
8966,1,2
15931,1,2
21846,1,2
10134,1,2
8184,1,2
26337,1,2
15426,1,2
21851,1,2
19704,1,2
22142,1,2
22099,1,2
22485,1,2
22768,1,2
2704,1,2
8670,1,2
23904,1,2
3433,1,2
9363,1,2
10594,1,2
26512,1,2
6316,1,2
218,1,2
27969,1,2
19961,1,2
18573,1,2
408,1,2
2655,1,2
24821,1,2
14115,1,2
29069,1,2
12832,1,2
11012,1,2
12715,1,2
22398,1,2
8721,1,2
14505,1,2
21014,1,2
11513,1,2
23,1,2
26322,1,2
15039,1,2
5180,1,2
19144,1,2
7046,1,2
22041,1,2
19589,1,2
6018,1,2
21301,1,2
29360,1,2
26208,1,2
10930,1,2
27803,1,2
11242,1,2
12805,1,2
4099,1,2
15731,1,2
19515,1,2
7131,1,2
26465,1,2
12890,1,2
19335,1,2
14018,1,2
16219,1,2
29184,1,2
1276,1,2
11146,1,2
28766,1,2
28835,1,2
18671,1,2
11915,1,2
2577,1,2
16561,1,2
5019,1,2
10827,1,2
12405,1,2
12481,1,2
9285,1,2
6750,1,2
10500,1,2
9529,1,2
13496,1,2
25195,1,2
20200,1,2
18490,1,2
24421,1,2
16357,1,2
11895,1,2
5549,1,2
3794,1,2
102,1,2
7204,1,2
2332,1,2
1261,1,2
23366,1,2
23965,1,2
15568,1,2
29997,1,2
23583,1,2
28079,1,2
19010,1,2
668,1,2
14401,1,2
26412,1,2
20243,1,2
22470,1,2
16227,1,2
15396,1,2
17739,1,2
29341,1,2
812,1,2
24894,1,2
7449,1,2
26198,1,2
16501,1,2
8256,1,2
15723,1,2
21970,1,2
2101,1,2
24863,1,2
25956,1,2
3211,1,2
9355,1,2
28201,1,2
19705,1,2
28313,1,2
21177,1,2
23942,1,2
1247,1,2
23622,1,2
28454,1,2
11235,1,2
18264,1,2
3387,1,2
25391,1,2
4069,1,2
5635,1,2
8908,1,2
12620,1,2
17293,1,2
17098,1,2
8807,1,2
3369,1,2
20182,1,2
457,1,2
20881,1,2
5202,1,2
9646,1,2
19547,1,2
3532,1,2
11010,1,2
29072,1,2
23824,1,2
28135,1,2
29730,1,2
2334,1,2
1399,1,2
16146,1,2
9928,1,2
14299,1,2
9198,1,2
14128,1,2
28847,1,2
18438,1,2
7722,1,2
23823,1,2
3008,1,2
24719,1,2
22196,1,2
24424,1,2
18570,1,2
13740,1,2
26061,1,2
9485,1,2
6551,1,2
29819,1,2
20099,1,2
22593,1,2
1012,1,2
11121,1,2
25739,1,2
19703,1,2
12859,1,2
15760,1,2
25147,1,2
29353,1,2
12060,1,2
26247,1,2
9994,1,2
23682,1,2
20253,1,2
3620,1,2
19822,1,2
9771,1,2
21891,1,2
12872,1,2
29108,1,2
5763,1,2
24444,1,2
7395,1,2
7109,1,2
2598,1,2
18808,1,2
11418,1,2
19114,1,2
17440,1,2
23083,1,2
15498,1,2
20916,1,2
25579,1,2
22153,1,2
6561,1,2
1944,1,2
2893,1,2
239,1,2
2002,1,2
19505,1,2
23277,1,2
8037,1,2
9459,1,2
19695,1,2
16783,1,2
9366,1,2
20549,1,2
416,1,2
6576,1,2
651,1,2
29939,1,2
12548,1,2
16192,1,2
10157,1,2
13011,1,2
9625,1,2
6234,1,2
13642,1,2
8538,1,2
16518,1,2
23604,1,2
29942,1,2
15652,1,2
19962,1,2
701,1,2
14007,1,2
23672,1,2
24204,1,2
28232,1,2
14469,1,2
14471,1,2
8993,1,2
26556,1,2
22121,1,2
24744,1,2
12609,1,2
12113,1,2
25839,1,2
7800,1,2
26190,1,2
27831,1,2
14718,1,2
12375,1,2
12266,1,2
27757,1,2
12143,1,2
12273,1,2
14003,1,2
21441,1,2
20471,1,2
28396,1,2
257,1,2
14695,1,2
19078,1,2
23780,1,2
7138,1,2
28817,1,2
335,1,2
23368,1,2
10710,1,2
2374,1,2
28394,1,2
29818,1,2
10191,1,2
28149,1,2
7826,1,2
15259,1,2
12571,1,2
27352,1,2
6607,1,2
16750,1,2
12895,1,2
17688,1,2
26757,1,2
4245,1,2
3910,1,2
14438,1,2
12009,1,2
3705,1,2
21273,1,2
1224,1,2
16221,1,2
13883,1,2
638,1,2
23070,1,2
4704,1,2
26045,1,2
8442,1,2
13154,1,2
12759,1,2
7315,1,2
2687,1,2
16271,1,2
16670,1,2
16506,1,2
5130,1,2
10880,1,2
24691,1,2
22277,1,2
4821,1,2
26472,1,2
10519,1,2
3984,1,2
7447,1,2
4265,1,2
14786,1,2
22638,1,2
3381,1,2
8091,1,2
11879,1,2
24635,1,2
3634,1,2
27636,1,2
23977,1,2
8087,1,2
11163,1,2
2467,1,2
3522,1,2
12049,1,2
26786,1,2
18027,1,2
10943,1,2
12623,1,2
6136,1,2
20934,1,2
28073,1,2
17525,1,2
2616,1,2
23489,1,2
3287,1,2
2638,1,2
11420,1,2
22714,1,2
2323,1,2
11697,1,2
4692,1,2
6682,1,2
13396,1,2
17666,1,2
26430,1,2
10548,1,2
13681,1,2
19679,1,2
1891,1,2
9733,1,2
21965,1,2
13583,1,2
10240,1,2
3422,1,2
17998,1,2
25995,1,2
21622,1,2
2879,1,2
24838,1,2
25901,1,2
22757,1,2
17785,1,2
25626,1,2
13959,1,2
5816,1,2
7969,1,2
29295,1,2
26785,1,2
7431,1,2
3277,1,2
19605,1,2
8449,1,2
9635,1,2
23463,1,2
13722,1,2
5421,1,2
9071,1,2
10122,1,2
11931,1,2
17001,1,2
15940,1,2
10470,1,2
616,1,2
17190,1,2
20345,1,2
18819,1,2
19199,1,2
4504,1,2
25307,1,2
1437,1,2
8292,1,2
13437,1,2
11320,1,2
11604,1,2
24761,1,2
1231,1,2
531,1,2
29895,1,2
19789,1,2
20846,1,2
23972,1,2
3207,1,2
5847,1,2
13206,1,2
13713,1,2
9022,1,2
3355,1,2
14666,1,2
2862,1,2
9322,1,2
15266,1,2
28926,1,2
23626,1,2
5802,1,2
9880,1,2
22159,1,2
9263,1,2
26020,1,2
5504,1,2
12382,1,2
6914,1,2
28365,1,2
15208,1,2
175,1,2
7422,1,2
22892,1,2
19292,1,2
16463,1,2
17321,1,2
2930,1,2
17099,1,2
17180,1,2
13800,1,2
24932,1,2
20649,1,2
23543,1,2
21446,1,2
6417,1,2
7703,1,2
24964,1,2
9805,1,2
17389,1,2
17131,1,2
3653,1,2
2519,1,2
3147,1,2
25928,1,2
28563,1,2
25104,1,2
6648,1,2
10761,1,2
17603,1,2
8602,1,2
7720,1,2
16600,1,2
7095,1,2
29557,1,2
20656,1,2
20275,1,2
8317,1,2
1574,1,2
6815,1,2
1349,1,2
28167,1,2
25669,1,2
7582,1,2
12066,1,2
14829,1,2
5071,1,2
6127,1,2
3223,1,2
16451,1,2
265,1,2
15506,1,2
11396,1,2
19653,1,2
21886,1,2
13083,1,2
6950,1,2
6039,1,2
15578,1,2
19476,1,2
13079,1,2
18891,1,2
27659,1,2
25601,1,2
5512,1,2
13922,1,2
25132,1,2
21022,1,2
25356,1,2
9056,1,2
17455,1,2
13307,1,2
23437,1,2
2127,1,2
15503,1,2
23151,1,2
83,1,2
21759,1,2
28144,1,2
7576,1,2
27944,1,2
10899,1,2
6933,1,2
11285,1,2
17052,1,2
3244,1,2
14619,1,2
4957,1,2
12610,1,2
7004,1,2
29952,1,2
10075,1,2
13165,1,2
900,1,2
17820,1,2
23611,1,2
5357,1,2
26894,1,2
14819,1,2
25436,1,2
1830,1,2
14204,1,2
17428,1,2
20193,1,2
13542,1,2
28579,1,2
3019,1,2
21173,1,2
6354,1,2
22051,1,2
1233,1,2
11309,1,2
23343,1,2
6770,1,2
14194,1,2
7728,1,2
11758,1,2
25025,1,2
27887,1,2
27731,1,2
424,1,2
18637,1,2
22182,1,2
29465,1,2
18181,1,2
8936,1,2
26939,1,2
27407,1,2
809,1,2
15528,1,2
23409,1,2
25404,1,2
25135,1,2
27885,1,2
27216,1,2
18989,1,2
3341,1,2
17422,1,2
24641,1,2
19320,1,2
17983,1,2
3125,1,2
13911,1,2
10783,1,2
8492,1,2
12980,1,2
21433,1,2
23884,1,2
7515,1,2
6034,1,2
16373,1,2
19638,1,2
714,1,2
7948,1,2
3219,1,2
12313,1,2
6052,1,2
8331,1,2
2548,1,2
22772,1,2
18727,1,2
1929,1,2
19671,1,2
16397,1,2
8197,1,2
20550,1,2
9500,1,2
29013,1,2
14862,1,2
3588,1,2
8072,1,2
14705,1,2
27166,1,2
2608,1,2
11388,1,2
21532,1,2
12778,1,2
7781,1,2
11118,1,2
3128,1,2
19763,1,2
15288,1,2
15985,1,2
8300,1,2
26944,1,2
4568,1,2
15423,1,2
29793,1,2
9453,1,2
27501,1,2
6599,1,2
1847,1,2
21658,1,2
21745,1,2
27579,1,2
2188,1,2
17992,1,2
26175,1,2
1298,1,2
12050,1,2
19872,1,2
2781,1,2
28040,1,2
25360,1,2
7706,1,2
24706,1,2
12240,1,2
25144,1,2
29869,1,2
28922,1,2
10277,1,2
27289,1,2
9507,1,2
25603,1,2
5612,1,2
23282,1,2
18254,1,2
19387,1,2
28229,1,2
19407,1,2
1786,1,2
5163,1,2
14078,1,2
16637,1,2
8157,1,2
9924,1,2
17339,1,2
25595,1,2
20613,1,2
12381,1,2
1443,1,2
6870,1,2
21960,1,2
18815,1,2
7256,1,2
5865,1,2
26089,1,2
26179,1,2
20737,1,2
5928,1,2
1833,1,2
24582,1,2
25795,1,2
11286,1,2
20202,1,2
21145,1,2
4872,1,2
29934,1,2
10788,1,2
13073,1,2
1472,1,2
20088,1,2
3233,1,2
25650,1,2
24869,1,2
1026,1,2
6692,1,2
3559,1,2
29813,1,2
1174,1,2
28878,1,2
23120,1,2
3132,1,2
27066,1,2
14930,1,2
19121,1,2
20087,1,2
10459,1,2
11670,1,2
11402,1,2
18721,1,2
2267,1,2
8726,1,2
21035,1,2
1197,1,2
14910,1,2
23335,1,2
4577,1,2
28947,1,2
5819,1,2
12578,1,2
9212,1,2
6534,1,2
3254,1,2
22519,1,2
24716,1,2
13160,1,2
6876,1,2
554,1,2
9380,1,2
29093,1,2
23681,1,2
19411,1,2
1440,1,2
19496,1,2
20843,1,2
18228,1,2
16352,1,2
1206,1,2
20978,1,2
13370,1,2
17797,1,2
16847,1,2
26926,1,2
15484,1,2
23307,1,2
3848,1,2
264,1,2
3740,1,2
24395,1,2
6946,1,2
4182,1,2
19732,1,2
19137,1,2
29821,1,2
24796,1,2
21594,1,2
17122,1,2
24944,1,2
29486,1,2
3349,1,2
13310,1,2
20617,1,2
3334,1,2
20992,1,2
23668,1,2
8341,1,2
26307,1,2
25480,1,2
18471,1,2
19699,1,2
13792,1,2
1572,1,2
13738,1,2
26440,1,2
9210,1,2
17668,1,2
16842,1,2
17665,1,2
11040,1,2
13899,1,2
4219,1,2
15468,1,2
21184,1,2
10203,1,2
16186,1,2
411,1,2
820,1,2
8710,1,2
19659,1,2
5090,1,2
621,1,2
21175,1,2
13712,1,2
18694,1,2
5575,1,2
13588,1,2
744,1,2
3080,1,2
10153,1,2
29180,1,2
27992,1,2
17584,1,2
10351,1,2
3288,1,2
6857,1,2
10389,1,2
26721,1,2
6309,1,2
13352,1,2
8074,1,2
19130,1,2
18774,1,2
7406,1,2
23947,1,2
14517,1,2
7768,1,2
8663,1,2
15598,1,2
2165,1,2
16871,1,2
16066,1,2
6717,1,2
13555,1,2
1584,1,2
7051,1,2
16693,1,2
24433,1,2
3138,1,2
23400,1,2
29319,1,2
15963,1,2
20480,1,2
11423,1,2
19767,1,2
13649,1,2
19066,1,2
1287,1,2
18533,1,2
12437,1,2
10501,1,2
16060,1,2
6600,1,2
7298,1,2
23658,1,2
15794,1,2
18684,1,2
12401,1,2
18609,1,2
2238,1,2
8870,1,2
16277,1,2
7416,1,2
8113,1,2
10462,1,2
16720,1,2
21245,1,2
22847,1,2
8309,1,2
9889,1,2
18899,1,2
10296,1,2
14825,1,2
19674,1,2
26048,1,2
21127,1,2
24188,1,2
21246,1,2
29692,1,2
24348,1,2
15959,1,2
24568,1,2
14981,1,2
12727,1,2
11699,1,2
5116,1,2
24338,1,2
28380,1,2
18063,1,2
19890,1,2
16188,1,2
21795,1,2
28810,1,2
2215,1,2
26257,1,2
19654,1,2
24733,1,2
8019,1,2
14413,1,2
13822,1,2
1704,1,2
21602,1,2
28026,1,2
7763,1,2
11857,1,2
23111,1,2
13602,1,2
19116,1,2
3437,1,2
7247,1,2
18483,1,2
18853,1,2
1274,1,2
24327,1,2
25309,1,2
19739,1,2
12885,1,2
6210,1,2
18679,1,2
11313,1,2
7075,1,2
24756,1,2
22476,1,2
2273,1,2
6027,1,2
3699,1,2
12551,1,2
1329,1,2
16786,1,2
14192,1,2
19893,1,2
20274,1,2
1571,1,2
18421,1,2
3165,1,2
10689,1,2
8310,1,2
11192,1,2
2074,1,2
7050,1,2
19210,1,2
13508,1,2
10511,1,2
22497,1,2
23220,1,2
14283,1,2
26129,1,2
23087,1,2
2202,1,2
9704,1,2
12565,1,2
8265,1,2
24897,1,2
4660,1,2
6300,1,2
695,1,2
23015,1,2
26718,1,2
484,1,2
25278,1,2
3733,1,2
15756,1,2
12654,1,2
25796,1,2
28964,1,2
22438,1,2
28065,1,2
2450,1,2
6793,1,2
1504,1,2
19971,1,2
20845,1,2
25935,1,2
4834,1,2
12669,1,2
29099,1,2
10198,1,2
21134,1,2
4129,1,2
9747,1,2
2306,1,2
16265,1,2
766,1,2
803,1,2
11627,1,2
7224,1,2
17567,1,2
27444,1,2
17555,1,2
11323,1,2
23288,1,2
13249,1,2
15291,1,2
28297,1,2
18499,1,2
3689,1,2
1061,1,2
29812,1,2
41,1,2
22917,1,2
12586,1,2
23142,1,2
12081,1,2
19521,1,2
3213,1,2
23642,1,2
6595,1,2
23201,1,2
8229,1,2
12709,1,2
10824,1,2
2923,1,2
26539,1,2
11876,1,2
7304,1,2
26108,1,2
2053,1,2
4936,1,2
27483,1,2
10325,1,2
16949,1,2
2545,1,2
12387,1,2
22622,1,2
101,1,2
16960,1,2
28469,1,2
6384,1,2
20267,1,2
24412,1,2
2825,1,2
14587,1,2
7686,1,2
12788,1,2
1943,1,2
27713,1,2
5955,1,2
20060,1,2
11607,1,2
14990,1,2
29225,1,2
12374,1,2
22124,1,2
11305,1,2
10152,1,2
25059,1,2
11096,1,2
6084,1,2
6952,1,2
8451,1,2
2447,1,2
20439,1,2
17240,1,2
4420,1,2
2733,1,2
29800,1,2
8513,1,2
15080,1,2
15615,1,2
13643,1,2
8008,1,2
3519,1,2
829,1,2
7808,1,2
18154,1,2
27794,1,2
4653,1,2
185,1,2
22586,1,2
4490,1,2
27920,1,2
19441,1,2
25341,1,2
19845,1,2
14941,1,2
6292,1,2
18453,1,2
28070,1,2
4574,1,2
25061,1,2
12166,1,2
12064,1,2
18580,1,2
14800,1,2
14406,1,2
17169,1,2
27680,1,2
15869,1,2
21794,1,2
13227,1,2
20075,1,2
20201,1,2
5764,1,2
21860,1,2
8450,1,2
433,1,2
11917,1,2
353,1,2
8365,1,2
604,1,2
17852,1,2
14640,1,2
29132,1,2
21423,1,2
4275,1,2
4953,1,2
16602,1,2
3571,1,2
8452,1,2
16439,1,2
14096,1,2
16592,1,2
13512,1,2
7546,1,2
24452,1,2
28567,1,2
1039,1,2
14583,1,2
12564,1,2
18175,1,2
29009,1,2
14055,1,2
5331,1,2
15922,1,2
11448,1,2
3958,1,2
29173,1,2
8482,1,2
18473,1,2
540,1,2
29286,1,2
1749,1,2
12141,1,2
28195,1,2
29083,1,2
6664,1,2
27157,1,2
24878,1,2
22921,1,2
5923,1,2
17777,1,2
20473,1,2
17503,1,2
23660,1,2
29580,1,2
24790,1,2
29958,1,2
18826,1,2
10902,1,2
4948,1,2
12299,1,2
28055,1,2
24083,1,2
22211,1,2
25460,1,2
27824,1,2
19969,1,2
4031,1,2
17049,1,2
21171,1,2
9434,1,2
25865,1,2
20699,1,2
11326,1,2
22506,1,2
12117,1,2
22342,1,2
123,1,2
1405,1,2
27508,1,2
13607,1,2
11474,1,2
29923,1,2
22183,1,2
25922,1,2
21832,1,2
1768,1,2
23006,1,2
2322,1,2
25320,1,2
18310,1,2
22792,1,2
27538,1,2
13052,1,2
2255,1,2
2806,1,2
2681,1,2
6974,1,2
13501,1,2
23271,1,2
3960,1,2
3314,1,2
15821,1,2
14808,1,2
8874,1,2
24346,1,2
21982,1,2
29684,1,2
10506,1,2
6700,1,2
26011,1,2
29652,1,2
6077,1,2
12800,1,2
28994,1,2
7952,1,2
12785,1,2
6062,1,2
14467,1,2
22848,1,2
18732,1,2
12534,1,2
3237,1,2
26323,1,2
28214,1,2
28228,1,2
27813,1,2
27482,1,2
14736,1,2
22024,1,2
27182,1,2
15951,1,2
29534,1,2
21049,1,2
6649,1,2
11636,1,2
1077,1,2
25287,1,2
25111,1,2
5857,1,2
6061,1,2
28336,1,2
13217,1,2
9573,1,2
2150,1,2
14358,1,2
3489,1,2
24042,1,2
5887,1,2
26079,1,2
26046,1,2
29631,1,2
2380,1,2
27180,1,2
13847,1,2
15642,1,2
27958,1,2
22377,1,2
29907,1,2
27690,1,2
6978,1,2
7589,1,2
17757,1,2
8069,1,2
29077,1,2
6593,1,2
20968,1,2
3724,1,2
29344,1,2
23114,1,2
29894,1,2
13875,1,2
18465,1,2
25965,1,2
7834,1,2
1365,1,2
18479,1,2
29853,1,2
575,1,2
3204,1,2
4442,1,2
13933,1,2
9857,1,2
8976,1,2
2065,1,2
21978,1,2
22324,1,2
5061,1,2
1859,1,2
509,1,2
19564,1,2
24912,1,2
1491,1,2
7639,1,2
9463,1,2
27137,1,2
2814,1,2
14420,1,2
15356,1,2
16090,1,2
13325,1,2
2697,1,2
24526,1,2
25254,1,2
10798,1,2
16432,1,2
6624,1,2
7072,1,2
15232,1,2
7712,1,2
29103,1,2
11710,1,2
26056,1,2
19974,1,2
28489,1,2
5719,1,2
902,1,2
6501,1,2
8192,1,2
26777,1,2
513,1,2
7359,1,2
13037,1,2
24430,1,2
3501,1,2
5652,1,2
8443,1,2
28571,1,2
2915,1,2
24299,1,2
27586,1,2
17996,1,2
5888,1,2
1601,1,2
12883,1,2
2338,1,2
3157,1,2
18501,1,2
14982,1,2
12053,1,2
21410,1,2
28101,1,2
15182,1,2
26714,1,2
14913,1,2
26982,1,2
1097,1,2
19664,1,2
24591,1,2
13529,1,2
10721,1,2
19827,1,2
28955,1,2
7719,1,2
10192,1,2
15201,1,2
16595,1,2
3821,1,2
14149,1,2
27279,1,2
7088,1,2
22606,1,2
26236,1,2
16449,1,2
9723,1,2
14137,1,2
3012,1,2
9072,1,2
4309,1,2
11414,1,2
20890,1,2
15535,1,2
26192,1,2
28539,1,2
29820,1,2
11086,1,2
27746,1,2
29528,1,2
11768,1,2
20826,1,2
25141,1,2
24926,1,2
21296,1,2
28292,1,2
810,1,2
17060,1,2
14099,1,2
3714,1,2
18633,1,2
26720,1,2
224,1,2
3846,1,2
13906,1,2
20839,1,2
29245,1,2
25647,1,2
3018,1,2
29366,1,2
16889,1,2
3261,1,2
11105,1,2
29177,1,2
29130,1,2
16775,1,2
23376,1,2
4159,1,2
11214,1,2
10224,1,2
17613,1,2
26455,1,2
13480,1,2
20524,1,2
23298,1,2
7591,1,2
15191,1,2
13415,1,2
10376,1,2
3511,1,2
7819,1,2
25226,1,2
19618,1,2
6603,1,2
21280,1,2
11225,1,2
28917,1,2
16876,1,2
1535,1,2
2878,1,2
5140,1,2
6307,1,2
3652,1,2
17716,1,2
6340,1,2
25980,1,2
10430,1,2
10090,1,2
18476,1,2
28401,1,2
20394,1,2
28255,1,2
18505,1,2
5714,1,2
19245,1,2
29135,1,2
26228,1,2
9201,1,2
6812,1,2
12491,1,2
26644,1,2
21719,1,2
8797,1,2
29965,1,2
29545,1,2
20457,1,2
25243,1,2
16598,1,2
25210,1,2
13915,1,2
245,1,2
5483,1,2
5324,1,2
12377,1,2
14945,1,2
19347,1,2
11269,1,2
308,1,2
27400,1,2
23600,1,2
15842,1,2
17646,1,2
20778,1,2
10569,1,2
8165,1,2
9347,1,2
7201,1,2
19062,1,2
12307,1,2
27222,1,2
59,1,2
17647,1,2
7260,1,2
15894,1,2
28553,1,2
27047,1,2
24149,1,2
1362,1,2
11206,1,2
14386,1,2
16307,1,2
18251,1,2
18558,1,2
24038,1,2
23691,1,2
26066,1,2
1870,1,2
13114,1,2
26415,1,2
1166,1,2
6536,1,2
13627,1,2
21228,1,2
13651,1,2
25938,1,2
1419,1,2
29325,1,2
14202,1,2
24544,1,2
17021,1,2
19139,1,2
25898,1,2
25589,1,2
2205,1,2
25110,1,2
5936,1,2
25077,1,2
16267,1,2
6421,1,2
10700,1,2
27772,1,2
13282,1,2
18986,1,2
6660,1,2
1205,1,2
6677,1,2
21547,1,2
9822,1,2
20548,1,2
9222,1,2
11361,1,2
15308,1,2
16045,1,2
4290,1,2
25749,1,2
6195,1,2
2927,1,2
11304,1,2
6839,1,2
12659,1,2
4591,1,2
26359,1,2
5625,1,2
8542,1,2
586,1,2
11838,1,2
10337,1,2
28916,1,2
3043,1,2
15776,1,2
22317,1,2
26078,1,2
9674,1,2
22145,1,2
20672,1,2
11476,1,2
11365,1,2
16582,1,2
14845,1,2
16629,1,2
14694,1,2
19755,1,2
27724,1,2
19761,1,2
1187,1,2
19516,1,2
21444,1,2
8929,1,2
28995,1,2
23970,1,2
13595,1,2
13646,1,2
10675,1,2
25924,1,2
29959,1,2
15877,1,2
18328,1,2
17612,1,2
14937,1,2
13190,1,2
17561,1,2
3717,1,2
13253,1,2
1144,1,2
27960,1,2
4630,1,2
23305,1,2
1158,1,2
25813,1,2
8978,1,2
28932,1,2
13169,1,2
23202,1,2
21883,1,2
7738,1,2
3882,1,2
26965,1,2
14651,1,2
26844,1,2
26730,1,2
3872,1,2
23027,1,2
4807,1,2
18496,1,2
9248,1,2
2946,1,2
19509,1,2
7603,1,2
21001,1,2
20784,1,2
24689,1,2
27098,1,2
17768,1,2
5318,1,2
27660,1,2
13213,1,2
29190,1,2
11504,1,2
28249,1,2
4205,1,2
14363,1,2
10615,1,2
5030,1,2
22774,1,2
26513,1,2
8410,1,2
18365,1,2
9480,1,2
9152,1,2
3728,1,2
2966,1,2
10428,1,2
14545,1,2
23760,1,2
15204,1,2
16778,1,2
19854,1,2
10664,1,2
16264,1,2
29769,1,2
26075,1,2
17931,1,2
9441,1,2
16072,1,2
23919,1,2
17137,1,2
19863,1,2
26750,1,2
14774,1,2
3941,1,2
17854,1,2
95,1,2
6279,1,2
26428,1,2
